edition_id,type
20iw32vi,proceedings
50hu76py,proceedings
09np14nm,proceedings
02ul10br,volume
81tp83it,proceedings
14id46ro,volume
98gs18oz,volume
75qf44kq,proceedings
43av23hp,proceedings
14zp57ah,proceedings
26ec30xy,volume
33av07gv,proceedings
04iv51sp,proceedings
30bz54td,proceedings
13dr00ae,volume
53iv41ep,proceedings
42sm48gh,volume
86wb72en,volume
21co74pt,volume
20bp78zh,volume
22jp85pi,volume
46as28gx,volume
38kp39ef,proceedings
60xs21to,volume
58cx08dd,volume
55ke26bv,proceedings
43mg26av,volume
24tw65yq,volume
48kg57xu,proceedings
15io03by,proceedings
17lx17mq,volume
15dz35ff,volume
71rh37sc,volume
04uc07nd,proceedings
16zs48ku,proceedings
64tf44rf,volume
42zn78yc,proceedings
95zl58be,volume
23rr64nu,proceedings
32am97bd,proceedings
04qa66uu,proceedings
52ba17rp,volume
84tm71us,proceedings
16lv99fg,volume
82il87me,proceedings
37yv62ue,proceedings
04vw72yv,volume
82br29kw,proceedings
71no67mo,proceedings
52hc58bc,volume
76lh45rb,proceedings
44uq79wg,volume
22ke85xx,proceedings
67fr03ks,volume
51zp50ka,volume
70gf24le,volume
48pw52ks,proceedings
63ao90ac,proceedings
94ni86vn,volume
52ea10sp,proceedings
12bq92er,proceedings
91jq78io,volume
40tx11pl,volume
08tz36bu,proceedings
76sj97gy,proceedings
96eo82ca,proceedings
25rf47lk,proceedings
14pf63fq,volume
27hb72kc,proceedings
79qn64ad,volume
65gv15gw,volume
46uz07ym,volume
25li55hf,proceedings
53ct22yf,volume
83vl59nz,proceedings
57xn38eb,proceedings
27tv30pk,proceedings
66fn20lu,volume
11pd73dn,proceedings
65di24dg,proceedings
42ex11ay,proceedings
62ou45cj,proceedings
28zs51bv,volume
10uu67xg,proceedings
91vq76uz,volume
28df52ba,volume
07tv41zb,proceedings
66bz37rk,volume
18pz55dj,proceedings
03he83uj,volume
81uz94ae,proceedings
13ds79od,proceedings
82qk63tu,volume
22eh86gh,volume
68gt74cm,volume
32gx92er,proceedings
99aq54kp,volume
17rz19ld,volume
95sw33cz,volume
27zs48ie,proceedings
32dj81mz,volume
52ye61jv,proceedings
79xl84ql,proceedings
41mi09ob,volume
06iw47ni,proceedings
79wz25uk,volume
65zu98ln,proceedings
19yo36xi,proceedings
85ri18mu,volume
88cv80zr,volume
89be91ro,volume
97iq98iy,proceedings
67tj79bz,proceedings
04wt11wy,proceedings
42md55vz,volume
31kz42ch,volume
35ki34gw,proceedings
65mw56pn,proceedings
48wu21dn,volume
51nt41pj,volume
95ey41ar,volume
29jo12ug,volume
86wc51hq,proceedings
78kb78lm,volume
40aj72yj,volume
92pn66ph,proceedings
91px75lt,volume
75ob81zl,volume
80mp87oo,volume
17sd08fg,proceedings
46pz94pj,proceedings
10gn38ck,proceedings
61db05es,volume
11lq70hc,volume
32ke82or,proceedings
44qf43vu,proceedings
37ue74bx,proceedings
09zl85te,proceedings
34hl12ub,volume
65ct19oe,proceedings
08hr93yi,volume
76ak44pl,volume
05ut91ug,volume
37by44yv,volume
45km34sd,proceedings
63pp09mr,volume
61nh06zm,volume
96tc80mu,proceedings
32ys92go,proceedings
61oe89yt,proceedings
03et73ui,volume
75sg04tf,volume
63tk04fk,proceedings
73lx91kj,proceedings
14ie30yr,proceedings
80yu96tl,volume
94us86hi,volume
92tj99sk,volume
20ck12fn,proceedings
38fz71mt,volume
52dq72ni,proceedings
29sx30vi,proceedings
71es00ds,proceedings
55qv09nz,proceedings
01et59jj,proceedings
41el84hx,volume
08zh25an,volume
48xj99rd,volume
51hf39bb,volume
48el36nb,volume
67gc38vg,proceedings
66fn60dy,proceedings
87bg88tl,proceedings
65am31tz,volume
11ro99zf,volume
88fb14hm,volume
18az32ca,proceedings
81sl71qy,volume
87od50va,proceedings
83lu39hn,proceedings
41rc13oy,volume
41fz01mj,volume
71ow83gt,proceedings
26nn20im,volume
94os05am,proceedings
33dv99ja,volume
36jb68vk,proceedings
46sc28hw,volume
30hn66hj,volume
64mz29or,proceedings
45bl16yi,volume
37sf36pk,volume
88lx78fc,volume
53md51bp,proceedings
62ud82cw,volume
98xe43sh,proceedings
97hk53av,volume
12el93yd,volume
58bn78nm,proceedings
82gs00iq,proceedings
77ji25wc,proceedings
94gu75rz,volume
13lo71qp,proceedings
82im16sg,proceedings
71ol99hb,volume
50rj49ed,volume
31nc92nc,proceedings
22wx80bn,volume
18gq36kt,volume
11ak49uk,proceedings
77qo41nz,proceedings
73yj52rt,volume
18vv46kw,volume
35yt98aq,proceedings
99us47fl,proceedings
39nq34je,proceedings
22ip49if,volume
82fe92hr,proceedings
12ye97az,proceedings
41tt49sg,proceedings
55mk53fe,volume
65id18bf,proceedings
65yd25dx,volume
36tg00sn,proceedings
11dr04kj,volume
41dg06sk,volume
51on30px,volume
78uj55cz,proceedings
05uw40wu,volume
29em20ul,volume
85ft59jr,proceedings
53hk95cg,proceedings
02xl49nf,proceedings
61sc93wb,proceedings
04xs82pa,proceedings
48gw56mk,proceedings
48hz41ns,proceedings
96mc23sa,proceedings
14kd78hh,proceedings
72ml46oz,volume
80tx98gn,proceedings
77ju58wu,volume
94jy86gg,volume
80ab81oo,proceedings
97gg39qk,volume
04zc04vg,proceedings
48zw46pz,volume
64kr85pw,volume
07eo23lr,volume
29gi08jq,volume
44nh85ex,volume
43vt94wl,volume
87xc86nb,proceedings
90da05iw,proceedings
52bu69fa,proceedings
29od74qz,proceedings
77ql95tt,volume
39dl24sc,volume
32ah13di,proceedings
45dm38og,volume
63xk05du,proceedings
06ge19fp,proceedings
41wj20ma,volume
12ub92ca,proceedings
14st78it,proceedings
78oi61kl,volume
06ck39wy,volume
52xc12sa,volume
33uz58pc,volume
82wx30sh,proceedings
20aw74ch,volume
36xd47uz,volume
97um27xo,volume
71wj24rl,proceedings
25td90eh,volume
43tc85jz,volume
18qn98qn,proceedings
04sa10fu,proceedings
81ng42iv,proceedings
23ie19uo,volume
36it99do,proceedings
11kk76jp,volume
49ex57qi,proceedings
51vg87ol,volume
57fg21se,volume
96un30ux,volume
09nn88lm,proceedings
96xy19xi,volume
69lf44yh,volume
08rg26ky,proceedings
14yo68mk,proceedings
59xq36av,proceedings
57ml14lp,volume
74rx30wx,volume
59fk74rv,proceedings
97vj62fq,proceedings
59so73wk,proceedings
37cr93gh,volume
28kh54vs,volume
65te89hq,volume
06ht32tk,proceedings
20vg63bg,volume
21zq25it,volume
97wd63qf,volume
97bh78bh,proceedings
77cd04xm,volume
50qk82ox,proceedings
26th25zo,volume
98qv41cy,proceedings
62gj69dd,volume
09vb36rc,volume
59ex11ny,proceedings
23nk62rt,volume
39gp38dm,proceedings
82yw88wy,volume
37pp74gn,volume
52pl30ms,volume
78mj76dr,volume
32ee85gx,proceedings
69km58jw,proceedings
64xo81jt,proceedings
16iu14eb,proceedings
16tq90du,volume
32ch04yp,proceedings
55tt02gw,volume
18xq45hv,proceedings
49sp26ak,volume
91hd76pf,proceedings
59qb58md,volume
51qk76ht,proceedings
19hv20qg,volume
28jf72fa,proceedings
01yh16vf,proceedings
53uv92lr,proceedings
51hn60lw,proceedings
78lz26dj,proceedings
08wo00bk,volume
04co74sc,volume
93yb66th,volume
00dk81ye,volume
04tm99mz,proceedings
77cp43rm,volume
60tq53rf,volume
22xe02ru,volume
83mu22qu,volume
24ry10vi,proceedings
04ed73qg,volume
25ig09ce,volume
49zl22sk,proceedings
47ou49np,volume
52ri73tm,volume
45lr35cb,proceedings
82xh80pl,volume
41mq44xs,volume
31bi15kt,proceedings
68cu60ec,proceedings
74so52xv,proceedings
50uk28ee,volume
37ui37bl,volume
68ib30nt,proceedings
19de69ci,volume
80ir74gx,proceedings
99yd76kv,proceedings
74nu86zz,proceedings
05ze60co,volume
39ep66qh,proceedings
52dx58en,proceedings
78rz40rx,volume
37ff22pj,proceedings
05ou74jo,proceedings
75ht81hb,proceedings
90vj55ri,proceedings
16kt87qz,proceedings
07qa34md,proceedings
93kh89un,volume
33ij50ef,proceedings
84hj36jp,volume
02ii59at,proceedings
39zv96ch,proceedings
46ku70pq,proceedings
15vl34hi,proceedings
48hf30mv,proceedings
87gr81rv,volume
77ai53dw,proceedings
53fv65hs,proceedings
82bx74ps,volume
95wi80xq,volume
82ot92yx,volume
46so44zb,proceedings
86el06qy,proceedings
94sq11dy,proceedings
70py28ns,volume
31nt62pw,volume
90sl02my,volume
64dd67ht,proceedings
60ze95ma,proceedings
53up15xh,proceedings
09aj39dk,proceedings
40gz89gc,proceedings
31tf61fh,volume
94yx46um,volume
10nn45vw,proceedings
89eo42rd,proceedings
01tp03fn,volume
88pd03ym,proceedings
50bx84px,proceedings
79vu88fa,proceedings
10lc34xr,volume
09fr07ph,volume
93is16fi,proceedings
12su66ui,volume
78zl15pu,proceedings
99vo12kn,proceedings
81cm22cu,volume
57qy16sv,volume
29cl05cw,volume
32cd97qv,volume
12ni70qs,proceedings
63wf03cf,volume
74qw63nv,proceedings
02lj79pw,volume
76at68kq,proceedings
52rd67jf,proceedings
78kb39jd,volume
78ka27mz,proceedings
13ib52hm,volume
33qt54gc,volume
11in61ra,volume
47cx68mo,proceedings
67dl55el,volume
42ig56ok,volume
77nu57fe,proceedings
89op83rh,proceedings
08sk96ph,volume
72fi72tn,volume
65id78le,proceedings
07so22bn,volume
30cc18fe,volume
37fs02nz,proceedings
69np04ey,volume
29vn16ev,volume
87wu77se,volume
77mv93rz,volume
54io52lo,proceedings
85nk38yo,volume
85rk08lu,volume
51qa12be,volume
91ji87mh,proceedings
18pf26xw,volume
40vo58xc,volume
03sk27kl,volume
90ft97ra,proceedings
13jd49lz,volume
92yz92wt,proceedings
98de12go,proceedings
44hn14fs,volume
43pz89sm,proceedings
27lz63gs,proceedings
06ur08jv,proceedings
00ni64ff,proceedings
85zy98fb,volume
44ve55xj,volume
45dk43na,proceedings
54jg52nf,proceedings
31ij03kk,volume
25oc89el,proceedings
01vy41ai,proceedings
13cn04jg,proceedings
41sn71bq,proceedings
20ur17qz,volume
31ih43xa,volume
07eq06eo,volume
60xr22ke,volume
56vf14sy,volume
57xl70rb,proceedings
24dl10fg,proceedings
78qm19wh,proceedings
94le87ki,proceedings
64fc57nj,proceedings
55jk85ip,volume
57dw14eq,volume
93xx45ei,proceedings
14yz96xb,proceedings
50jk00zo,proceedings
94lj44qj,proceedings
81vg84bs,proceedings
95dc21tz,proceedings
43qm54sg,proceedings
49un95vr,volume
12yt99ge,proceedings
66cw99ol,proceedings
45hd80tc,volume
43jm92ks,volume
00xs79lw,proceedings
05jk09ew,volume
44zx19zo,volume
90wi71kz,volume
80xc13fg,proceedings
99jb28vr,volume
95pj50eb,volume
87wi24sl,proceedings
07yw32te,volume
69zf17vv,proceedings
88rj04kf,proceedings
19af42lh,volume
77ys17vv,proceedings
28we15ah,volume
68nt41ro,proceedings
47xy01ee,proceedings
04ba42ro,proceedings
87tr46ra,volume
75lq55te,proceedings
48vw35up,volume
33cv86rl,proceedings
65wb51du,proceedings
66nn94ix,volume
99zt88bz,volume
68jt45nt,volume
17en88ox,volume
61lg77xx,volume
08zy11sm,volume
23it43et,proceedings
90uq03dp,proceedings
03ml74yw,proceedings
79yh28wp,volume
99ri98ps,volume
63rq03li,proceedings
91ht18zc,proceedings
27pc47ha,proceedings
40fs28pm,proceedings
43cj20wr,volume
37dk40rh,volume
49ll68en,proceedings
41oa93hv,proceedings
68lt96es,volume
57yd35bh,volume
33sg07rw,proceedings
81wj96jd,proceedings
22zg13tl,volume
62xw08yz,proceedings
24ux04pu,proceedings
80or84hh,proceedings
37wg47vn,proceedings
61eg96kt,proceedings
46hu82oe,volume
36mt92eo,volume
30rv55uc,volume
72bw82lk,proceedings
94vr24ag,proceedings
95cf77kt,proceedings
27xi69dx,proceedings
37hb13wf,volume
83nu03cz,volume
08pb08qp,proceedings
18ck60el,proceedings
57jz69ft,volume
11xr99gx,volume
96ge14dl,proceedings
94uu32uf,volume
11vl13xh,volume
13ig06ai,proceedings
73ud93mj,proceedings
27bp26fy,proceedings
63ck87qv,proceedings
39jw14rf,volume
43sx12pp,volume
70bz03kl,volume
96tq55sa,proceedings
43vy20ws,volume
10pa74ja,volume
40fj43af,volume
21rn20ub,volume
23sn81ad,proceedings
01qf80ym,volume
89cz74lh,volume
33yw56fl,volume
90ue37xz,volume
24bz30so,proceedings
06gw88hy,volume
07bv73pn,proceedings
29xq13do,volume
18qb91up,proceedings
07ph22bd,volume
65ic21fn,volume
63zp52rl,proceedings
34yq91kj,proceedings
68ct56iv,proceedings
72po70jf,proceedings
45ko47ns,volume
83tm00js,volume
96pz64gb,volume
94is36gv,volume
53qd96jo,volume
99ig16qt,proceedings
77hr54sq,proceedings
45qy90um,proceedings
82zj21dh,volume
23jv00vy,proceedings
60uq82zg,volume
24lv70ea,proceedings
64wq09db,proceedings
25iq23rr,proceedings
67dr29rn,volume
12fl94dg,proceedings
07ua99gv,proceedings
54bx85ps,proceedings
87qz10kv,volume
75ul48oo,volume
55no47ph,volume
80nq18be,proceedings
34hh04rw,volume
70mi95fx,volume
42tj68ln,proceedings
57gp12ff,proceedings
26la85fp,volume
56tn85la,volume
87me29dd,proceedings
64ki52ap,volume
16et14ep,volume
08en81ck,proceedings
90jq40ps,proceedings
87vz39na,proceedings
35sz20sm,proceedings
49yv94ut,proceedings
14oy83do,proceedings
44fg49ln,proceedings
47dd51wm,volume
71ts88ws,proceedings
95xb27yp,proceedings
44ed03vn,volume
75ei14lt,volume
26fw29qb,volume
87ig19st,volume
97sy49vb,volume
24vy51gu,volume
12sa12gb,proceedings
08ty24py,volume
96mx49ry,proceedings
92um38sj,volume
10at91ra,proceedings
13xo08fy,proceedings
56tc75uw,proceedings
77ch20yn,volume
48mt42ba,volume
93ya98br,volume
88it14wz,proceedings
79zw51xr,proceedings
77cn93us,volume
25js48li,volume
68db07du,volume
83is52rt,volume
00ea63vv,proceedings
89zl97bq,volume
40cd89dg,proceedings
53ua71ml,volume
00jc23hg,volume
41iy40od,proceedings
80xn57om,proceedings
83fr64ii,volume
81lg06xr,volume
06dl02hc,proceedings
87io68pe,proceedings
62yd74ym,volume
71tt50yl,volume
63up20xb,volume
23rk38qh,volume
34zo58qc,proceedings
42nb89le,volume
56zr59ya,proceedings
83zc81bp,volume
37xs91wf,volume
59no64uu,proceedings
71pv48ie,volume
83vy07ap,proceedings
94fm41tj,proceedings
61rc33uv,proceedings
10fx86sf,proceedings
30vz48su,proceedings
77yn60vi,volume
22et16bn,volume
91mb97fj,volume
14ce99iz,volume
00ht47mo,volume
44xv89uf,volume
12oz58no,proceedings
44jw43bp,volume
18vu00kf,proceedings
19ko82zg,proceedings
70bq74ap,proceedings
41vf41cj,volume
37cv80nw,proceedings
61by58eh,proceedings
50zu25ul,volume
84rc55pq,proceedings
53im03ke,volume
58hn77xj,proceedings
45uv47oo,proceedings
98pi68ur,volume
86ze79sz,proceedings
45vz89iq,proceedings
40km71na,volume
18dw47lv,volume
39sl06ot,proceedings
98hk26bn,volume
30dd30ix,proceedings
52mv93ae,volume
74az73qu,proceedings
89uk81pw,volume
22jc54vw,proceedings
96dl33fu,proceedings
95nv22ov,volume
41vq22fd,volume
66tr69fv,volume
85nv28iw,volume
47kz29jb,proceedings
67lg12es,volume
28lf58dl,volume
92gf13ig,proceedings
35dj04xv,proceedings
47cv04ff,proceedings
69kq10lj,volume
68kk20fr,volume
11fu11lz,volume
85vx01ke,volume
79rb29in,proceedings
25wx29pv,proceedings
05we71lc,volume
57au77cm,proceedings
16hg26wz,proceedings
09qv65bb,volume
75xb58zv,proceedings
29vb11ax,volume
37ay97rn,proceedings
78nc34so,volume
79sf87cw,proceedings
32no45rh,volume
36em12gm,volume
24xs84rf,volume
77hb60kj,proceedings
59tn78wi,volume
69me43kk,volume
47fa13vg,proceedings
23pv01hq,volume
65kd89sf,volume
03nu10br,volume
50xv34nx,proceedings
78yy17ah,proceedings
09mp71cm,volume
37jp53np,proceedings
69ub46eh,volume
51hu60sg,proceedings
37yi06bj,proceedings
40ab12sx,proceedings
83cf77tk,volume
89so58uy,volume
18mi79ek,volume
26tv40iq,volume
82rr21ha,volume
83ob74be,proceedings
63cv02cj,volume
04yr67fq,proceedings
71tp20pr,proceedings
35rk59sw,volume
65tu13tm,proceedings
21np48dq,proceedings
73zs74bk,proceedings
71sm17cl,volume
77bt71ro,volume
55dc58kr,volume
93qj96sz,volume
60uj54gs,proceedings
04qf68ab,proceedings
90yg15di,volume
94wy22sa,volume
96ev38og,proceedings
61yu74vq,volume
78ub54gt,proceedings
12ej93hg,volume
89sl94kx,volume
27en63qs,proceedings
80vw85xh,proceedings
86oh87tj,volume
38ta26vo,proceedings
57bp93ye,volume
44sw87jv,proceedings
03dq26lf,volume
09cy94tu,proceedings
15ld64hy,volume
17tz25dl,proceedings
16bm15va,volume
45zl49jp,proceedings
64fv47tq,proceedings
83ht02jt,volume
00pq06jb,volume
65fr74vm,volume
56nk85uo,volume
34ss87ei,volume
69zz67xd,volume
28pr62fl,proceedings
11tw63ls,proceedings
59ve62lx,proceedings
94kz65hx,proceedings
23mr67kp,volume
87cp30xu,proceedings
48dt99ao,volume
85ae00fl,proceedings
41pa00vx,volume
00mj70bo,proceedings
30lz52ut,proceedings
46fk49ef,volume
75kj60ah,volume
49pu42yi,proceedings
30da78hd,proceedings
70ie43ec,volume
02jp38nf,volume
18ee03pe,volume
55rb50up,volume
79uz14mo,volume
47pq07bt,proceedings
66aq29pz,proceedings
97yf75ec,proceedings
77eu05cq,proceedings
06uk84bq,proceedings
72fb46pt,volume
85pl57ib,proceedings
73hf74gl,volume
85xo45wc,volume
69ft55mm,proceedings
76av00hr,proceedings
90iz28pt,volume
80wh90gr,volume
32zs08sc,volume
38jb88xg,proceedings
64yx96qi,volume
06vl45ln,proceedings
51co86ob,proceedings
32hc26qp,volume
39il00dn,volume
12qs07wb,volume
14zu29dn,volume
39ig89xr,proceedings
56qr27nf,proceedings
38nu53bn,volume
40hx61ik,volume
53uw99bv,proceedings
99tr59rf,proceedings
11ym38yz,volume
73ip83vy,proceedings
04vt50hb,volume
42lv53xu,volume
04tw44tq,proceedings
95df68db,proceedings
02eo84zy,volume
94io57hf,volume
92sc86pg,proceedings
80dl58pp,volume
29hh20oc,volume
71dq19ez,volume
92fz78vu,volume
30rr88fc,proceedings
08on58pr,proceedings
29ym27mg,volume
56ol42vc,volume
52ts71ma,proceedings
27nh85lv,volume
81jy48tb,proceedings
23zg84wy,proceedings
15go19kt,proceedings
43pi03ax,volume
36iz10ve,volume
06vm21cw,proceedings
59jh15ew,volume
60rh25or,proceedings
74rb31sc,volume
17dr16qq,proceedings
50ve64iq,proceedings
69tu41vo,proceedings
88za22fg,proceedings
48vd48nq,volume
15kd41dt,volume
17gr86ya,volume
84hv34zr,proceedings
92tg31fu,proceedings
06qg21lt,volume
03kg22xi,proceedings
71pe79bd,proceedings
58zv43mb,proceedings
32rd06lu,proceedings
27et30lx,volume
46ht68ir,proceedings
87yv01ki,volume
23cj69po,volume
99bi39zj,volume
81xg76sq,volume
73wh17vp,volume
77nb98iw,volume
44ks10ru,volume
18xg52gl,volume
07nr87gg,volume
23ge72wt,volume
45ua28sp,volume
32gn25pz,proceedings
69qg70as,volume
25uh56rz,volume
86jj17pw,volume
12ib84dy,proceedings
02ek21za,volume
38uc96yv,proceedings
78pv37xt,volume
71wz15of,proceedings
55hk41ao,proceedings
45qe61my,proceedings
21hq37ft,volume
15qn15hp,proceedings
38ef01ha,proceedings
66ki62sf,proceedings
84ow91oi,proceedings
41er85rz,volume
80cy68cm,proceedings
91dt61ov,proceedings
12gi43mu,volume
56dc34rm,proceedings
96wa50dd,proceedings
67fq64nj,proceedings
60tr21sm,proceedings
23jw01sp,proceedings
56cn32sh,volume
82qw70fq,proceedings
94zx95vb,proceedings
21vr10vl,proceedings
64fy76nj,proceedings
79xx64kc,volume
52rn95gp,volume
47ph30ta,volume
12mk66rc,proceedings
10zl21ge,proceedings
57nr40mx,volume
29kh72wd,volume
55vx46go,proceedings
58iy04ih,proceedings
34ig74dd,proceedings
48bz07sj,proceedings
46hn21oh,volume
32jk98lq,volume
46ki73jh,volume
32at67vk,volume
66wu03wt,volume
16lk09bp,proceedings
00cr48jg,volume
19qm69xy,proceedings
78pc83nt,proceedings
97uo81wd,proceedings
81ch44ci,volume
75kt70xb,proceedings
77zw08ea,volume
07rc03wu,volume
18lq26ho,volume
04yq62in,proceedings
70ri47rx,proceedings
12wi94vd,volume
66kf69op,volume
55pb43jz,volume
03xx13xn,volume
36em67dr,proceedings
07vq61kb,volume
94tq37wc,proceedings
47tn25ek,volume
19ab28nk,proceedings
40op21js,volume
09ve88ja,volume
32oe46xb,proceedings
23mt53qc,proceedings
38cp64bh,volume
06lr21pz,volume
56rz37nh,proceedings
66fe31za,proceedings
76yt32hy,proceedings
01ly56pi,volume
73cp68qv,volume
53dx84ys,proceedings
60uj56xt,volume
37zn79ty,volume
23yt91fe,volume
96ic88wv,volume
96jn00ud,proceedings
19wn96bb,volume
06pe33oy,volume
18yi56ml,volume
49xn44wg,proceedings
20ka29ef,volume
68mf58tc,proceedings
98wg30cn,volume
84cs69jk,volume
04pd51se,volume
73qi86bc,proceedings
30yc60ks,proceedings
56zb40cf,volume
25cp02zl,volume
88qd40jr,proceedings
27dh71jq,proceedings
33co76hm,volume
36dt17vq,volume
38on00ym,proceedings
68ke35uw,volume
28kx35eq,proceedings
65kn00nc,proceedings
05ra02ku,volume
10vp49on,volume
21db19tl,proceedings
75yg68ta,proceedings
27hm39ur,proceedings
73wm00hm,volume
50cw29nz,proceedings
95za61in,volume
24ws67yw,proceedings
76bm91lo,proceedings
32po49he,proceedings
08tg16zn,volume
84ag14bb,proceedings
70wp45xo,proceedings
62jy00km,volume
19vj66yw,volume
06xt69sk,volume
19no88wv,proceedings
49to34ag,volume
85yt28px,proceedings
19fi17xi,volume
31pk60oq,volume
54ry88ee,volume
90wd34ia,proceedings
41pk80gy,volume
57sh50fu,volume
41ma49gw,proceedings
41gl57ga,proceedings
79mg33qu,proceedings
99mr33my,volume
58ec26jq,volume
72nc75jo,volume
20sb24in,volume
67wm27er,volume
51cb83lb,volume
66xs03jr,volume
32hm10gb,volume
10fa29zk,proceedings
05kg17qu,volume
51qb61yg,volume
94ny65fn,proceedings
12gk30ya,proceedings
08pa33mr,proceedings
97nh43wj,volume
38sf15rq,proceedings
73gs83wm,proceedings
19ne61wd,volume
46vi55dj,proceedings
50ws77kp,volume
19bf14pn,volume
22dp77xo,proceedings
64us96ok,volume
55ob26oy,volume
55mv85vn,proceedings
63xa48vc,volume
86op71ew,proceedings
03xj61gh,volume
86ib17xp,volume
16dy33yv,proceedings
27ft25zw,proceedings
99bd78fa,volume
90pt69ld,volume
19si62tt,volume
95rx09bl,proceedings
48uk46gp,proceedings
76an99gs,proceedings
38sz64ct,volume
42xl16nt,volume
00he98kb,proceedings
12qb81qd,volume
36yi29sv,proceedings
74pz94ep,volume
87wf57fq,volume
86nk79mf,volume
93qy97bt,proceedings
51dl86rg,volume
41be93mo,proceedings
76mz21gy,volume
66jy55gz,proceedings
46ht87nj,volume
51gq88ht,proceedings
89ct53xr,volume
05tp96pu,volume
93hp99jz,proceedings
46hs16fh,proceedings
48tf31qm,volume
38ln10nv,volume
49vu16xp,volume
20on83el,volume
66wi81dv,proceedings
73pj10za,volume
93jz14fl,volume
60wk93gn,volume
64je67hw,proceedings
71ic27ba,proceedings
56gy96qq,volume
50qn43vu,volume
67ex24oq,volume
07gl81xq,volume
11wx58ez,proceedings
33lp96xu,proceedings
21xe95uf,volume
54ms24el,volume
43ds03ty,proceedings
39rx62vf,volume
02em50mv,volume
44vs25dd,volume
82be88mj,volume
92es49tn,volume
23br79uk,proceedings
05dz90xg,proceedings
85pb77ev,volume
65dn29hi,volume
24vn66ja,volume
96sp47cn,volume
97oi18gv,proceedings
06nt69lm,proceedings
61ye37qn,proceedings
31se93sy,proceedings
07yw22ok,volume
78vm63ck,volume
63up86kf,proceedings
68oc09if,proceedings
31dc33qc,volume
03ka29un,volume
11zt65ee,volume
78cr83kn,volume
74gx35ky,volume
60tu81yb,proceedings
98fl89mb,volume
51lq97mt,volume
27ju02hs,volume
35vq55dc,volume
76ul23rq,proceedings
22uk58im,volume
25rw36xs,proceedings
01ov91hi,volume
52ue02wi,proceedings
07co09cr,volume
61by11hm,volume
30sq60uu,volume
81os80gn,proceedings
75rj57rf,proceedings
98zu34sg,proceedings
09bm31po,proceedings
49mo17nj,proceedings
32py63cw,proceedings
76aw35qg,proceedings
43bj82cu,volume
18eg46ow,volume
94ml57yv,proceedings
01kh30qq,volume
72xz05rv,volume
58bb52qv,volume
64wd33jt,volume
46ck20ie,volume
95uv93av,proceedings
67ok59ia,volume
81ed23lw,volume
19bl71ir,volume
87df99kc,proceedings
71cb68mw,proceedings
44ne46cq,volume
63sb50ae,volume
47fs79xk,volume
20ok73xx,proceedings
87dl24us,proceedings
74cf24oo,proceedings
61sy13wd,volume
69jw86hv,volume
97lh57li,volume
83fy67qz,proceedings
87wj88kh,volume
31ya59am,volume
66um62nm,proceedings
35it27bn,proceedings
19zn50jv,volume
12xw06vg,proceedings
41zh22es,proceedings
60wg62eq,proceedings
97la65ww,volume
51sw93rv,volume
36kb99nl,volume
07na75zu,volume
40lw67tn,volume
45dt01zp,proceedings
91mq54co,volume
58jx09jg,proceedings
81kk07an,proceedings
20dy68fd,proceedings
33np26wx,proceedings
59pb08eg,proceedings
06ip46rf,proceedings
61wi07sy,volume
05qu60au,proceedings
81mb77dq,volume
92yf41ci,volume
68ed95sq,proceedings
63ze29um,volume
33dv68hs,volume
40if15zb,volume
52ep10um,proceedings
80lq67vi,volume
09da42jw,volume
50vk69gu,proceedings
65og91du,proceedings
78yv72hh,volume
98sf11hf,volume
93nu92rx,proceedings
96hd68ov,proceedings
68cc37hw,volume
59ov73cq,volume
56eu22ld,proceedings
22tx65ss,volume
20la08pg,volume
58ks83hc,proceedings
97rv98zn,proceedings
88ab55rc,volume
34dr46wq,proceedings
58yz47nm,volume
05bl93mb,volume
05ve23xo,volume
83nu24zj,volume
04aw11yr,proceedings
42sj55ot,proceedings
29yi10tb,volume
39ir89vd,proceedings
32yz71bh,proceedings
36bc60re,volume
73gr33rl,proceedings
31ex61rs,proceedings
87ui07we,proceedings
80od81th,proceedings
21ox26ry,volume
23ob08au,proceedings
88wx86lt,proceedings
96kh47vv,proceedings
12qj38xy,volume
88px79zx,proceedings
51za68tb,proceedings
11uj10qj,proceedings
61yn73yu,volume
55qg00mq,volume
26rh43np,proceedings
55bu19er,volume
96mx71pf,volume
66rf10gi,volume
08vq09dz,proceedings
55un08by,proceedings
67co54yl,volume
66gi86cz,proceedings
01tj59id,proceedings
98ha66yy,proceedings
34ps31cv,volume
83xg68kc,volume
67gj86lx,proceedings
09yt52zo,proceedings
91um68hw,volume
26jy54hk,proceedings
67pq26lo,volume
27lw54fl,volume
97sv88hg,volume
03kd77yr,proceedings
95dv98ud,proceedings
16yw20go,proceedings
35gv72au,volume
44zp80ez,volume
60jp90rl,volume
91na13xd,volume
35dj80ud,volume
77as93ln,volume
63si95fl,proceedings
67bw33zc,volume
43yv12pp,proceedings
54uj70zn,volume
45qi09uc,proceedings
69ni97fw,proceedings
15xn71bt,proceedings
62gg95jz,volume
54dz85vz,proceedings
55fh89rz,volume
01ct56ad,volume
26au59mb,proceedings
22mx61ej,proceedings
48xa63fz,volume
15zm26qb,volume
28ev17pn,proceedings
61sa77yw,volume
06xr61sf,proceedings
43ju93zw,volume
03tp66pu,proceedings
04ph65po,proceedings
76py23fd,proceedings
77gp95gr,volume
91js42al,proceedings
58fs88zt,volume
87dd87rp,volume
19by25cb,proceedings
64oi12bj,volume
26nd82aa,proceedings
65bo21il,proceedings
51xb20yp,proceedings
22gq78fg,proceedings
43de45wz,proceedings
07gf59hv,volume
09ue56ey,proceedings
05wk07hw,volume
32vc88wf,volume
71jr50bo,proceedings
64dh85ux,proceedings
66sg70ut,volume
76zl59ag,volume
61rh82wy,proceedings
28yj00zp,proceedings
07wv29ml,proceedings
40qm13hi,proceedings
85pa12ym,proceedings
57bn76oi,volume
17vc73zq,proceedings
22ns19nn,proceedings
72bg64pi,volume
95oj15na,volume
13pr24he,volume
66pw44li,volume
34cp83ip,proceedings
42uk34ir,volume
65yr20dk,volume
82lb14ia,proceedings
86wm36uz,volume
57ez43fw,volume
89bb38jz,proceedings
17fd47xb,proceedings
57pp43sd,volume
53zx24ox,proceedings
63ft22yz,proceedings
24ss02at,proceedings
55op50om,proceedings
34ef11iq,proceedings
15xr74fo,volume
00zs53wu,proceedings
96hh42tv,proceedings
41gm36th,proceedings
74jm90vn,volume
08tj96qb,proceedings
92ki28ia,proceedings
14js82xp,volume
61qc73zu,proceedings
30ry66ie,proceedings
47ii21ue,proceedings
55yu76fn,volume
87wr91nb,volume
75dr27cl,proceedings
63uc27xr,proceedings
83fx26vk,volume
21qn01ck,proceedings
79pe67ds,volume
58av94jx,volume
98qj15rs,volume
73gu82zu,volume
63qu59hw,proceedings
75co15kq,volume
24rl30zw,volume
20qh35hw,volume
64pj71wr,proceedings
06bq81gt,proceedings
61dq95xn,volume
17ki07dh,volume
13op98dm,volume
40wi09kk,proceedings
90az71pg,proceedings
72cf42dv,volume
92wj83ft,volume
97tj20eu,proceedings
44fc00qa,proceedings
34lr32rd,volume
04pj89lz,proceedings
37ld85pn,volume
95gg62fm,volume
02rw45sf,proceedings
65hw36oc,proceedings
70fk42ec,volume
25an39ln,volume
59sq42vo,proceedings
83ph97vk,proceedings
83kp04pw,volume
54vh57hd,proceedings
17hk93gp,volume
31gd76kd,volume
11dm97kp,proceedings
17vy25uo,volume
74fj82pn,volume
07jm18on,proceedings
13oa64og,proceedings
40wo71de,volume
50eo05ml,volume
86vh87kq,volume
11mr09lf,volume
39si81dx,volume
71rr50nw,volume
22qc49oa,proceedings
66pz08hp,proceedings
79fg82xo,proceedings
22xf74bz,proceedings
06wp60oh,volume
40rh14ms,proceedings
73pb54ok,volume
42hn63ik,proceedings
04xk70yj,proceedings
81ud01gd,proceedings
39li81gs,proceedings
92lu77zp,volume
22bt17yy,volume
52bs07hp,volume
90fk69xm,proceedings
17oi58da,volume
75iw17kt,volume
37vs18uc,proceedings
14ol87yf,volume
48ky61nq,proceedings
26mr70vm,proceedings
74mn69dv,volume
56za71qk,proceedings
23xo89oa,volume
13ja10xr,volume
62yb99sw,proceedings
47zw44yh,volume
02zs58sz,volume
52ta81bo,proceedings
44dh03ot,volume
52qk79sn,volume
23rv25au,proceedings
97ms63ij,volume
02pu57nq,volume
67yr61dn,proceedings
71cl50kq,proceedings
71fv30uv,volume
40jm03pd,proceedings
52vm91xu,volume
71nf79dp,proceedings
34vs90ji,proceedings
83hj41zi,volume
53rq44ql,proceedings
06ih63nr,proceedings
67wy72un,volume
88qs95xz,volume
26rf03pg,volume
19kq04az,volume
62jh01pi,proceedings
89cm12sx,proceedings
64lf47rw,proceedings
13cf85fq,proceedings
50ma58rt,proceedings
03bn03ts,volume
61vb35bg,proceedings
47xv23fw,volume
52dy68mc,proceedings
43dj66qx,volume
16pl18fq,volume
99pd05km,volume
92bt69jw,proceedings
67xc96ur,volume
07wp81aj,proceedings
54yf93ba,proceedings
06ll54yf,proceedings
15nc07cd,proceedings
38pw21un,volume
23qh16nj,volume
18kp64hz,volume
41cd31yy,volume
26iy74bv,proceedings
04iu66sz,proceedings
08ip66bo,proceedings
41hw11bl,volume
37vb90ng,volume
41gt32lr,proceedings
43ny02mp,volume
46gt72cm,proceedings
94yt42yq,volume
67ub73ct,proceedings
35jq00in,volume
26ci93xx,proceedings
22gw69pv,volume
01ry31gx,volume
96tb84ax,proceedings
43ve99hi,proceedings
23qc60wj,volume
35wq41xa,volume
77zv25pb,proceedings
66ck69pb,proceedings
30ll65qb,proceedings
86mx77ee,proceedings
72go83xh,proceedings
02ll45rc,proceedings
63hi70ou,volume
69fo98gj,volume
18tj34ie,proceedings
94nn48fy,proceedings
32wr66ps,volume
83uh12mh,volume
81gq84lr,volume
95bq48wd,volume
56ad23xv,volume
78vq06fq,proceedings
13ga15ml,volume
73to99vw,volume
58sm94te,proceedings
88dd83we,proceedings
12rk88xu,volume
98zh26ii,volume
15sv53iy,volume
75xt82aw,volume
64ds17on,proceedings
20sv29nm,proceedings
42rw46rr,proceedings
24ke23hz,proceedings
75in70ay,volume
49hh85kt,volume
21im67sh,volume
19nj87ke,proceedings
38dv58yx,volume
77rv11jm,volume
64wm45gx,volume
99mt82jb,volume
82pg93ao,volume
21gh33dl,proceedings
73es59dy,volume
75hs42pa,volume
76ey30ka,proceedings
43xe95ew,volume
49ja34qu,proceedings
78mv49vc,proceedings
22vy43mk,proceedings
64mc42wz,volume
18ph19cl,proceedings
66sm79fd,proceedings
62wc96zu,volume
34zq36ur,volume
96mg65jh,proceedings
74sy17hm,volume
73wc59of,proceedings
94gq15zf,proceedings
31qz16lj,volume
68cv56ri,volume
32ur55zx,volume
14wb58fm,volume
93if89wu,proceedings
59ld25tn,proceedings
55ew06sz,proceedings
44hs62px,volume
17vk41is,proceedings
48vk07th,proceedings
71kg64yd,proceedings
85cw94mw,proceedings
99tw28aw,proceedings
85mn17rd,volume
43bb00aa,volume
07bc49ee,proceedings
11kb74ny,volume
29zf63lm,volume
88bs49jk,proceedings
16mr17az,proceedings
50qi64up,proceedings
60nn03iz,volume
96ie35um,proceedings
90gb68uo,proceedings
55kl41gj,proceedings
77aq15di,volume
09bz00dp,volume
22wg56iy,proceedings
80wh07ks,volume
99hp19nq,proceedings
44sq53tp,volume
74ze44mp,proceedings
78hp77qb,volume
58hl46im,volume
28mt59uo,proceedings
17dd85hu,volume
81dy06qq,proceedings
87fb16gy,proceedings
50lj67ya,proceedings
51hc73mc,volume
09op05bf,volume
24kc63oj,proceedings
47qw61ch,volume
29ii09gi,volume
04tt15nb,proceedings
10gw50yy,proceedings
48ti93kl,proceedings
85lc63qq,volume
08py97nz,proceedings
35db31pg,proceedings
74bz62xn,volume
14fo80lg,proceedings
91uj07ck,proceedings
23jj02vy,volume
04yd14xc,proceedings
57ez58hm,proceedings
24vv87ag,proceedings
51pw19zn,volume
04jt01zp,volume
84ze05aa,proceedings
07rs49rc,volume
97ow81kw,proceedings
34dk97vg,proceedings
33jx01vv,volume
38ro16oc,volume
67ew29es,proceedings
72of14yr,proceedings
41ti25dw,proceedings
36pv51lb,proceedings
02hx00ef,proceedings
88ym42qq,proceedings
86gr25hv,volume
70wd40yh,volume
68ag65ws,volume
82mc85jt,proceedings
41cs95sv,volume
36nb47bn,proceedings
25tx01vm,proceedings
39bx32bm,volume
37nq09ql,proceedings
35gs58sn,proceedings
87cl67rx,volume
57xk53pn,proceedings
85kt16mr,volume
57me26ro,volume
18ge44ur,volume
23rq20oe,proceedings
02ri46sz,proceedings
56yd97ek,volume
45ge50tg,proceedings
03ey07ls,volume
48xz08pr,volume
03xi61np,volume
45hq35do,volume
88hv23cy,proceedings
79lx73rm,volume
42fn52tq,volume
97yj67vg,volume
11my18fv,proceedings
51dk34fx,volume
71pb85if,proceedings
63sr44wh,volume
08gu65bw,proceedings
45qf32ba,proceedings
35mf51vx,proceedings
01iw61hp,proceedings
66af38jb,proceedings
40vf52me,volume
86qh16zc,proceedings
82lj63qs,proceedings
65li74mr,proceedings
91ft94os,proceedings
39ts80uh,volume
76kk95pl,proceedings
63pw94jo,volume
14gb60tm,volume
80kz35zp,proceedings
03pt58zr,proceedings
56ct95zy,volume
15lj00xu,volume
44cn92ag,volume
64fx86xp,volume
95dw70xo,volume
75qj72xs,proceedings
65nv19kz,volume
53sn65li,volume
81np11nt,proceedings
71bm20tw,proceedings
84ox58gt,volume
96rb84vr,volume
92gt81bq,volume
44cx26bl,volume
49dx67am,volume
88vl51wo,volume
94mk92nu,volume
39gh45yx,volume
05sz79ax,volume
01du75ck,proceedings
79bn75qk,proceedings
32az51jf,proceedings
13mr85gx,proceedings
56dj41wp,volume
53ui84gv,volume
52lq38sh,proceedings
09nq54uk,proceedings
24qq45jp,proceedings
11qw86ye,proceedings
00fr55fp,proceedings
71tb07uk,volume
84ai48wz,volume
17zp60fm,proceedings
74ti27mk,proceedings
12cc46ol,proceedings
48sg96vt,volume
82cz56tw,volume
32gj54hf,volume
83vd54fm,proceedings
79mt74ug,proceedings
57ek55xp,volume
53ok50rv,volume
01pa64cm,proceedings
67ap66ts,volume
42uo19gx,proceedings
56rt74hu,volume
37ld04bx,volume
12ui23mf,proceedings
63bn93gd,proceedings
06pv59nv,proceedings
95al74fx,proceedings
01zk54hk,proceedings
45kf93uv,volume
64lo33qp,proceedings
88iy60jf,proceedings
95bx17oc,proceedings
80an99ug,proceedings
53up26dc,proceedings
39pb56pl,volume
32hf55qu,proceedings
27az15lm,volume
29sa41ac,proceedings
34co21jk,volume
88io87pt,volume
91lv59tz,volume
01uc94xh,proceedings
15fh91je,proceedings
10ip06nv,proceedings
30ji41cx,proceedings
56qb19sm,proceedings
14dp86vz,proceedings
06mv42zz,volume
86sd18oj,volume
98rk09mf,volume
62cp71va,proceedings
41tu81zf,volume
93il79wu,proceedings
36th65ni,proceedings
35tt55iu,volume
62yv51uo,volume
62tx99ak,volume
53qf29ed,proceedings
67rw84uj,proceedings
56za74ea,proceedings
28uu32ia,volume
03gc39vc,proceedings
73jy70qp,proceedings
46oz88ug,volume
55ut62eb,proceedings
61gp99rm,proceedings
74zl50xb,volume
15bd07kt,volume
55ix37fk,volume
67fm95xx,volume
55yl13dw,volume
74en92gi,proceedings
95qq38pg,volume
60ss02ac,volume
62kq39zo,volume
77cf32ql,volume
00vz32qj,proceedings
20aq18xe,proceedings
36oz37jh,volume
57jd38ew,proceedings
78fz13ie,proceedings
66vk57ih,proceedings
04do60me,proceedings
79kx78cp,proceedings
60fg80aa,proceedings
89uj86tu,volume
69gu42uy,volume
72uj47hm,volume
91ia38yn,volume
51iy42ig,proceedings
36tp60sl,volume
27ig13vz,volume
54sp70yk,proceedings
00an31bz,proceedings
45js57rh,proceedings
49dt98eb,proceedings
36hr48oh,proceedings
35ag74oi,volume
26yj30yq,volume
24pg33so,proceedings
26ta67nl,volume
82os39ry,volume
43rd66wa,proceedings
96gn03sp,proceedings
85ux02vr,proceedings
16dh91uc,proceedings
56zm13we,volume
40mj51ly,volume
70ex47mw,volume
37nn29rt,volume
19ib83vq,volume
02uw88vi,proceedings
47pn97qz,proceedings
84ba56cj,volume
80xc10cj,volume
26cd27bi,volume
23zk44rd,volume
29xi13it,proceedings
27dl51sk,proceedings
86pr06oy,proceedings
31dr87xp,proceedings
07od81qa,volume
76sm45wn,proceedings
43ty39xw,volume
32oa70jt,proceedings
90fs67bo,volume
57cg37lv,volume
76vy55ko,proceedings
78ch16gc,volume
70mi70if,volume
72nb82gk,volume
50vi75vu,volume
06gh86li,volume
22mb41xx,proceedings
57ki78hj,proceedings
53gu20em,volume
36jv82zu,proceedings
02gf11pn,volume
48qd74ox,proceedings
14ay24ne,volume
72zb46zt,volume
93zi07qi,proceedings
05fz13aw,volume
89wy44hj,volume
62wg26nx,proceedings
78nq25wf,proceedings
82ha19bk,volume
80tw02ri,volume
57rb82dj,proceedings
58ex96bv,proceedings
44qx27sh,volume
97rl51nd,volume
47gv93yh,volume
05rf33jp,volume
44jb10hv,volume
13jd36ji,volume
27zb42bc,proceedings
80bm35mv,proceedings
17eu30qj,volume
35vv87zn,proceedings
87df77tg,volume
73ug37rv,proceedings
66xx00ar,proceedings
29su89dv,proceedings
07xl92vk,proceedings
64gw91pp,proceedings
90rt28ch,proceedings
76uw53fc,volume
80er82ie,proceedings
10fp79bq,proceedings
36te01an,proceedings
89ia60js,volume
15nh23ji,volume
09fa07rf,proceedings
32hg83ls,proceedings
69vd29mh,proceedings
61en68mo,proceedings
55ra02hs,volume
27jb13nf,proceedings
64nv78nm,proceedings
42iq16xu,proceedings
39hp60js,proceedings
55aw67to,volume
60bu30hr,proceedings
72mh27tt,proceedings
42hx81ex,volume
15ao12rx,proceedings
76xi94fv,volume
66aj60rt,proceedings
52zf63ty,proceedings
25vi27zw,proceedings
11yd93as,proceedings
84hv38tz,volume
56os34wg,proceedings
39qm94za,volume
27lu24lw,volume
28lk88gj,proceedings
57rg49xg,volume
83oa43do,volume
05ue03ux,proceedings
52pv98ud,proceedings
34lh03sw,volume
37xg31js,proceedings
33kh04wv,volume
89ks79mr,volume
56dt37lb,proceedings
45wa90gv,proceedings
51ru43hy,proceedings
54rg65kb,proceedings
43rb58nl,volume
51go25lf,volume
75ls58hs,volume
23yh98mh,volume
03kr08eu,proceedings
91sb65iy,proceedings
44hp37lg,proceedings
41jw12pq,proceedings
99sl63wv,volume
67gp95bs,proceedings
05de63lg,proceedings
61au35as,volume
15rj23ox,proceedings
77rg69ue,volume
42ex49wy,volume
07de19qh,volume
12zw92tc,volume
07wi06fj,proceedings
02th08jf,volume
75mt84cg,volume
40gq65lj,proceedings
24iv08gy,proceedings
06kp55ow,volume
91ja83ph,volume
69zr86jm,volume
02fw10el,volume
16gx45pr,volume
40ud08nd,proceedings
25ve98df,proceedings
83py23ps,volume
26jz04le,proceedings
38si52ez,proceedings
02qz45an,volume
82zr61du,volume
21qn35hy,volume
32ip64lz,volume
57sc93re,proceedings
41jv22hm,proceedings
52sh37pa,proceedings
97zv01vo,volume
74ca65bk,proceedings
04vx95og,volume
12bc72yp,volume
30ic42vu,proceedings
99vl21fi,volume
18bp01xm,proceedings
03ok01wl,volume
31vc49ya,volume
00uq11gn,proceedings
97pl73iu,volume
99ar36ly,proceedings
63ho42hi,volume
71mx76oh,volume
39rw91bn,volume
81bz06qr,volume
93at85tf,volume
26pr31ng,proceedings
01cg19uf,volume
22ca13hx,proceedings
56fh13hk,volume
02ik35wl,volume
33hf16pg,volume
92oq34cz,proceedings
59xt63mn,volume
70xm11sh,proceedings
81sa25so,proceedings
04my07cs,proceedings
21aw36uy,proceedings
84xi35sb,volume
59oq57gs,proceedings
40jh83um,proceedings
94nf55il,proceedings
79ow05uf,proceedings
82uh15qw,proceedings
06el98mj,proceedings
97mx77bf,volume
21pk66dq,volume
48ug14kn,proceedings
81sr01ya,volume
29ip75ln,volume
34nf08ei,volume
71pf70lo,proceedings
50hi45tc,proceedings
72lz74zv,proceedings
55eh53gw,volume
88hk31oj,volume
79kx47ot,volume
72al70mp,proceedings
99ga89ju,volume
44ob22tb,volume
33cs40kc,proceedings
82xu43qw,proceedings
78sh82gu,volume
21oz32vn,volume
50ac24yf,proceedings
02rz64sj,volume
47rh19yv,proceedings
15md79iu,volume
73xw46uq,volume
13sd14so,proceedings
89so95mm,volume
06zo96qg,proceedings
58ck49ci,proceedings
71ds05va,volume
63hi11av,proceedings
67gx95sf,volume
69ui48bt,volume
28es69am,volume
28xb74so,volume
99qp99ql,volume
91am27gl,volume
16rb35mb,proceedings
11pm92hc,proceedings
66lp60dp,volume
25gb81sz,volume
72nt92js,proceedings
28sq71tn,proceedings
50xu59un,volume
73ab39zm,volume
97ct91az,proceedings
16mp80sv,volume
95vy78ee,proceedings
31hh97px,proceedings
49um92na,volume
99vx37sb,volume
41gq16vr,proceedings
16qu11hk,volume
96zp08pi,proceedings
66hz33be,proceedings
95qq55mq,volume
74zc99em,proceedings
48am32uh,volume
34iy48mn,volume
91kx38di,volume
97sb14at,proceedings
10zc31fa,volume
82on67ae,proceedings
75uk50hf,volume
52cz60la,volume
16eu25ij,volume
07op83yb,volume
45ps51wo,proceedings
13xj28tx,proceedings
06lc83dk,proceedings
40hb75jh,proceedings
58dw73tq,proceedings
50vk28ex,proceedings
62wa44eh,volume
54sx95mf,volume
55st90ks,proceedings
19xo49ig,proceedings
97ie73ye,proceedings
03hw40pz,proceedings
53mp92tc,proceedings
90ha21ud,volume
78ii30st,volume
49gs41de,proceedings
84pb80no,volume
70hg74wn,proceedings
40xb65qd,volume
56wi26sc,volume
86ar38rs,volume
69ee33bc,proceedings
83bw35gg,volume
62eg89wv,volume
74jo72iw,proceedings
41sh39wl,proceedings
59gc90ph,proceedings
48lh16qq,proceedings
43ox56rk,proceedings
63yc64io,proceedings
74tg13mp,volume
25yo46ye,volume
74zr82ak,volume
05pn69kk,proceedings
04am24pp,proceedings
15og80kl,proceedings
08ch14ay,proceedings
06ce63yo,volume
84fp77tt,volume
93ca46tw,proceedings
51tb44xa,proceedings
68xr77xz,volume
78rk95gi,proceedings
79ru77vt,proceedings
97hk67vv,volume
27yh25uh,volume
22fd68fr,volume
31ud32ds,volume
76jc19is,proceedings
49dm32zl,volume
39gf74bi,proceedings
07gb70bw,proceedings
79ca33qg,volume
42fv79bm,volume
70fa30gy,proceedings
76sm26yd,proceedings
52xg50hx,volume
07zc03mm,volume
67uh13hj,volume
69eq49zh,proceedings
84zj82cz,volume
29zx75tj,volume
27wg68ja,volume
59qz04ag,volume
60pa47kb,proceedings
99fa31fl,volume
03du96fr,proceedings
48xi11th,volume
05nc76wu,volume
52pw67yx,proceedings
52cw83md,volume
96op57fg,proceedings
18wz74ll,proceedings
37vs75hs,volume
78kz57ze,proceedings
68cl54jw,volume
35ss76el,proceedings
61jr44ev,volume
56ij44ic,proceedings
37xe69vl,volume
28aq69mz,volume
54an22ih,volume
38lz85zr,volume
89gb53st,proceedings
38ct86pz,volume
94pq86sv,volume
97bx58lp,volume
01md91gf,proceedings
99zn59oe,proceedings
14lw27ik,proceedings
01vs34hi,proceedings
94wn45qm,proceedings
09nv30xc,volume
53mo75ou,volume
73qs34sh,proceedings
03jm57de,proceedings
80mw57vo,proceedings
43gs63us,volume
61zd30qt,volume
44ed09lp,proceedings
83md56vz,proceedings
07yt75sj,volume
96hc13am,proceedings
12sr77ul,proceedings
73dk33zh,proceedings
23cq92bk,volume
09os75mz,volume
75nv83xp,proceedings
61sg44ie,volume
82kt56wq,proceedings
70xg05vm,volume
34fq12rm,volume
65eh57gh,proceedings
06yt64qz,volume
51ka57rj,proceedings
58ni50du,proceedings
42gf08oy,proceedings
70fw51nc,volume
19jt47fk,proceedings
18jc03eb,proceedings
65kv04ze,volume
81ls73rl,proceedings
54ik23yx,proceedings
46nf72gp,volume
49xm33gj,volume
16pc41zb,proceedings
49sr80dr,proceedings
85qz35ik,proceedings
74qf52ii,volume
65gk92im,proceedings
71re15go,volume
06gc71sb,volume
78xa91nd,proceedings
46zo26sf,proceedings
17ct69bz,proceedings
68rp86ob,proceedings
87xy10hz,volume
24dl29bk,volume
90zz53op,proceedings
42pf98ql,proceedings
19oz83ui,volume
64vy99pa,proceedings
72kt28bs,proceedings
62pz73oj,volume
64ic99ys,volume
47nk92mg,volume
60aj84vn,proceedings
35vi65ys,volume
84za57iq,proceedings
47dd96cc,volume
82po34qd,volume
47gm35iw,proceedings
82dt27vk,volume
23ct93wp,volume
26ti59ia,volume
27rm02ik,volume
95yn85nd,volume
56pn06wj,proceedings
87us34yj,volume
11uo43pt,volume
50uh58ua,volume
30pg39qv,proceedings
49lw40eg,volume
07yi19nh,volume
99rt76pw,proceedings
71si89jm,volume
18wq23nb,proceedings
06mq32lj,proceedings
88xy12gp,volume
10mr12rk,volume
23yb25gm,proceedings
66gi60hq,proceedings
34ef95ye,volume
16lc19ri,volume
02ud93nk,volume
41vd10op,volume
91vk40zh,volume
38hb61bw,volume
79jb97vo,proceedings
36rs13dh,proceedings
42ho13rh,proceedings
18vb14ly,volume
79yw67kb,volume
57eq46os,proceedings
83sj52bm,volume
59fs25qu,volume
42xf07lx,proceedings
19df76au,proceedings
17em39za,volume
77wf35am,proceedings
86pd88vs,proceedings
30kq36ky,proceedings
79nt44vv,proceedings
91vo09xy,proceedings
16ur15ll,proceedings
41im64mf,volume
87bt69no,volume
74tk81nw,proceedings
62zh89pz,volume
03xi77qz,volume
48ah51it,volume
56yb77uo,volume
12zs16ff,volume
72jo81dl,volume
99xm74gk,proceedings
63fq67kk,volume
54hg89ic,volume
69gl18rj,proceedings
63se68nz,proceedings
83se04fd,volume
62sp77wr,volume
58ny77jb,volume
51qf07aj,volume
33js39ti,proceedings
70pa32ak,volume
46xc33af,proceedings
11kc18zq,volume
23kr59xy,volume
08lk34iu,volume
57bp52hg,proceedings
05do72cb,volume
74nf95rr,volume
49yl29ze,volume
12mx80kk,volume
00wd50jr,proceedings
47bi95hs,volume
81hb11ro,volume
24ve06bv,proceedings
50pm86zt,proceedings
48yh42fb,volume
50nd76pj,volume
08sl04gk,volume
88ee76il,volume
64fd07cq,volume
05tz82fm,volume
20lw89to,volume
45qv53dq,volume
71un50xm,proceedings
14ha31hy,volume
49gv76ba,proceedings
10go36eb,proceedings
92aq95na,volume
88vk51de,volume
43jf99tk,proceedings
18kq52bn,volume
52az05yo,proceedings
90si83ma,volume
23rf82up,volume
24tf38up,proceedings
08pt94id,proceedings
64we23us,volume
15gi76ri,proceedings
70df98mf,volume
65zb60wg,proceedings
69lt76sd,proceedings
59fs39kd,proceedings
31ko23gg,proceedings
68vd41fc,volume
10nj72xp,proceedings
04we22zy,volume
09ep27zm,proceedings
97wz35ie,volume
98ug31tc,proceedings
18cw90qf,volume
05vz01ay,volume
80hm82bq,proceedings
51ci01cj,proceedings
72hi37aa,volume
26ht94te,volume
94wz47jg,volume
36vg05qt,volume
94ud30tu,volume
76ot78bv,proceedings
35vq22ny,proceedings
54us45el,volume
47bz52pz,volume
07dz29el,volume
84rz47gd,proceedings
27em18ob,volume
28ba30mf,proceedings
68qw22rq,proceedings
44td09qv,volume
65tx39ih,proceedings
75ap74fl,proceedings
92yl25gl,volume
06rp20ww,volume
89nj10yf,proceedings
41dz06tf,volume
32ij45ph,proceedings
56hr02tg,proceedings
39qd91av,volume
55vo98bh,proceedings
16kn18iz,proceedings
71eh23hu,volume
06sz59bi,proceedings
02hz53rs,proceedings
75to32dq,proceedings
12lf65nj,volume
27ji30mz,volume
99ym24te,volume
12bt28kk,proceedings
11cm08aq,proceedings
72we85ol,volume
11tw40rr,volume
57uj55lt,volume
38ba99oq,proceedings
86zf68qe,proceedings
86ld86gw,volume
12hv82ch,proceedings
08dn23tq,proceedings
86mm68sm,proceedings
61kj35dk,volume
99gg27ip,volume
45ez05dd,proceedings
99mh19wk,proceedings
08iv27ig,proceedings
64ug73od,volume
21ep60ev,proceedings
69gh08ya,volume
29tl73ok,proceedings
84ii44xs,proceedings
45qd97wh,proceedings
56vp34th,proceedings
33oz28gw,volume
40ki13fv,proceedings
22gp78ml,proceedings
26pg53re,proceedings
22aj35qx,volume
34yb46yz,volume
22ma18xy,proceedings
29kh86mv,proceedings
40fz81fn,proceedings
62dv50da,proceedings
26gl10zl,volume
33on97no,proceedings
84bx83hv,volume
18dh44aw,proceedings
30dc04ic,proceedings
16tl27sl,proceedings
96ik25xd,proceedings
69oj32vv,volume
24vm83ai,volume
09kg05kp,volume
06zm74jp,proceedings
34iy21hw,volume
81tu42zk,proceedings
11rc00yj,volume
49pe14pj,volume
60ho43wp,volume
52ec57mr,volume
76fx81ak,proceedings
76mc28ca,proceedings
58af17ww,volume
94rh89gr,proceedings
05nd62wk,proceedings
57ox35po,volume
57fk07fn,volume
32ly45wg,volume
51dm19vo,volume
99zx96ch,proceedings
74rk05mb,volume
51og66uv,volume
75kf99ol,volume
33wu84xv,volume
18de94ud,volume
61ok28ns,volume
17kx88bc,proceedings
91vl64rt,proceedings
42ea41vl,volume
66fg07re,volume
77yg16wq,proceedings
27xa22pa,proceedings
08lo94vd,volume
15vg99jl,proceedings
13ap64vk,proceedings
01nr87og,volume
10yt50gn,proceedings
61ua81qb,proceedings
83fg95sd,proceedings
34yr48ap,proceedings
49dw77mm,proceedings
32qa08tq,proceedings
54fr97bc,proceedings
97fd69hb,volume
65mi46eg,volume
36vv11gs,volume
25ww08nl,proceedings
63ye72mt,proceedings
97cd13us,volume
41we88db,proceedings
41al12sx,volume
46eb09zf,volume
31mj88vb,volume
97oy07tc,proceedings
00lh60ie,volume
28ka80io,volume
03ma38pw,volume
13jr56vn,volume
77qo15zp,proceedings
67wo07au,proceedings
96rw45cj,proceedings
64dt26vx,volume
16jb55ek,volume
98au44rc,proceedings
11ne41xi,proceedings
81xh29uz,proceedings
13ta47xj,proceedings
31rg79kd,volume
79vf22fw,proceedings
82sb44hw,volume
21ay83cc,proceedings
63hg88xp,volume
52yw96ci,proceedings
07lf57vq,volume
47zr00tf,volume
86hp29mn,proceedings
40go31lq,volume
04ig26ni,proceedings
41fz49ch,proceedings
10ml10yk,proceedings
95aq05kv,proceedings
31he12zx,proceedings
76ot11ru,proceedings
51pq56bo,proceedings
87je68ly,proceedings
48ib51lp,proceedings
93nj26ao,proceedings
59dn43il,proceedings
44kc95uw,proceedings
62dr16yg,proceedings
81jl38vv,proceedings
12vh36tq,proceedings
22tr14wm,proceedings
66wt61im,proceedings
05av50ft,proceedings
51xs89gj,proceedings
96xd90nv,proceedings
14pg70zi,proceedings
45um88qd,proceedings
64fg75zx,proceedings
14ha07lt,proceedings
97oc09ns,proceedings
44qo48vh,proceedings
80pm23vf,proceedings
20vk94rz,proceedings
38yl99ad,proceedings
29uy79qj,proceedings
33ko32on,proceedings
04ad99vv,proceedings
75qz73gl,proceedings
04sw44ld,proceedings
14xz24wi,proceedings
83mu50xt,proceedings
10ow26jq,proceedings
74pg67uw,proceedings
04yw68iv,proceedings
04ww87ki,proceedings
74io20xr,proceedings
00dp69jn,proceedings
36ui89wo,proceedings
85cb57cf,proceedings
03bn78uz,proceedings
96qd92nt,proceedings
84ul05pg,proceedings
97je06ew,proceedings
75wo44jo,proceedings
40kg33cr,proceedings
10ab64pe,proceedings
03lx49gs,proceedings
22uw29pj,proceedings
61gg02pr,proceedings
93lo51zg,proceedings
24cf08uj,proceedings
19zz40rf,proceedings
87bj69qu,proceedings
80ys03xl,proceedings
73hy64yn,proceedings
74dr13lj,proceedings
83hp94rg,proceedings
00dr68ah,proceedings
04sw52er,proceedings
18uf33xi,proceedings
99lh61ys,proceedings
62tl04hp,proceedings
75az53vw,proceedings
48cj35fa,proceedings
67gf27es,proceedings
18mb23dd,proceedings
44ts91yl,proceedings
95ss33am,proceedings
93ia28bz,proceedings
78gf55uo,proceedings
74nx79wh,proceedings
14jo24nx,proceedings
19mx29re,proceedings
49dj42bm,proceedings
74jf91mq,proceedings
30rj72yu,proceedings
70ab52so,proceedings
93vb85xy,proceedings
20st40pv,proceedings
63mg77hf,proceedings
88is86ma,proceedings
92mv46cd,proceedings
82mu15zn,proceedings
62zo60av,proceedings
69at04nl,proceedings
86ve60lz,proceedings
88jt07jn,proceedings
32lw26pa,proceedings
42tt38tu,proceedings
21tw88nd,proceedings
20kc78ps,proceedings
43oj47ap,proceedings
83qo61qy,proceedings
22ya41mx,proceedings
58pm59ll,proceedings
40ju46ti,proceedings
86qp41wv,proceedings
85cv28sf,proceedings
39pv16dw,proceedings
37cf44mc,proceedings
09zy80ij,proceedings
01wp32bq,proceedings
32pp87xv,proceedings
42xi80cb,proceedings
42wr57zp,proceedings
52dc11zz,proceedings
36bj54so,proceedings
80zd19ji,proceedings
79rc36nq,proceedings
19eh13cp,proceedings
74lp29ie,proceedings
54lx23lq,proceedings
88zy22yh,proceedings
01xz32pk,proceedings
41qu40oo,proceedings
50uj97yr,proceedings
92za20hl,proceedings
96mz85qj,proceedings
41pj54vo,proceedings
71aj95zp,proceedings
64nc95qi,proceedings
46az94wk,proceedings
84ru50pl,proceedings
67pm12jd,proceedings
20om90uk,proceedings
87od88jd,proceedings
83eq16rf,proceedings
27ny75jl,proceedings
43tg79py,proceedings
80fa16tv,proceedings
44yi23eb,proceedings
26zx33fs,proceedings
87et81nf,proceedings
42bu89ae,proceedings
49iz72fp,proceedings
98dx06xs,proceedings
83hb25dc,proceedings
76hz56kw,proceedings
84yz94ta,proceedings
10wp15nl,proceedings
72fj03ue,proceedings
94ia45gp,proceedings
63qg55en,proceedings
92fg33ig,proceedings
34ga04xu,proceedings
75fn16mm,proceedings
81qi20hg,proceedings
33jr76zm,proceedings
45lf78gg,proceedings
28qp99bq,proceedings
77nr93sr,proceedings
52ce30wc,proceedings
49qt78ki,proceedings
60pa98by,proceedings
84xn90ut,proceedings
36zn42fi,proceedings
64qq36kz,proceedings
32ru48xs,proceedings
26kz13da,proceedings
22ip89mh,proceedings
54lm20xy,proceedings
56dc02wg,proceedings
09yy49co,proceedings
46vo68sa,proceedings
62sb07jk,proceedings
62rp64wj,proceedings
82gx01gj,proceedings
74vj37qx,proceedings
92ft89wx,proceedings
68rg58or,proceedings
08ym82ak,proceedings
93sy52au,proceedings
87qs14xe,proceedings
07sq70ls,proceedings
72it70zs,proceedings
33xy88cj,proceedings
69jw72wj,proceedings
55ok23kz,proceedings
48cu54bc,proceedings
82mf88bb,proceedings
34me09hk,proceedings
66th28wk,proceedings
67pl93vw,proceedings
63kz27cf,proceedings
36ie05sq,proceedings
54cb09et,proceedings
99dp13ay,proceedings
21bh91of,proceedings
08ai00bx,proceedings
94ly68wh,proceedings
18kv25sv,proceedings
40ue63yd,proceedings
49bg14ad,proceedings
58gb45wd,proceedings
30zc43ry,proceedings
01ep60rk,proceedings
84jt15zi,proceedings
68qj20ig,proceedings
77jv34fy,proceedings
58kw36lx,proceedings
67nh82pc,proceedings
68kn63ma,proceedings
19to73cj,proceedings
43ob85iu,proceedings
62pg89br,proceedings
54bz99kz,proceedings
18vs49xq,proceedings
64hv74sp,proceedings
68bu94ai,proceedings
89vr81zs,proceedings
59fe63lx,proceedings
84ei12cq,proceedings
63eu04dn,proceedings
85er80ms,proceedings
30uc94kw,proceedings
09hd03jq,proceedings
74in21mo,proceedings
34nk69rd,proceedings
20ri11tx,proceedings
59ty36li,proceedings
41ca53oz,proceedings
56ew94sp,proceedings
76im08sw,proceedings
37lx83vt,proceedings
64fl73yy,proceedings
22lx08cy,proceedings
65ev68hh,proceedings
30bf76ur,proceedings
07or24cr,proceedings
58bx81yh,proceedings
82be02ru,proceedings
70aj36bu,proceedings
09zg77hj,proceedings
63xg59eu,proceedings
48jk78ep,proceedings
67pv57dt,proceedings
22kb91ht,proceedings
72xn89rl,proceedings
30ge04on,proceedings
60rj10hz,proceedings
02yr99zm,proceedings
52ix36oq,proceedings
40xm91bt,proceedings
31qd40ky,proceedings
49bp50ry,proceedings
18gu13mr,proceedings
24if48hf,proceedings
23sd22nr,proceedings
90nt99ag,proceedings
61nz01ba,proceedings
41pa80fd,proceedings
87xe84wx,proceedings
12nx56bn,proceedings
61dl45fo,proceedings
90rt50py,proceedings
01vo79nd,proceedings
25mh41xz,proceedings
03yt46gc,proceedings
63op86uj,proceedings
03rc00bv,proceedings
06fy23ji,proceedings
97jq22jt,proceedings
01af42mh,proceedings
57uu71sj,proceedings
89lj29xz,proceedings
59mo27kh,proceedings
38eq66az,proceedings
24cd86at,proceedings
25so90zs,proceedings
23lo91jz,proceedings
77xx67su,proceedings
55aj97lo,proceedings
88vt21bq,proceedings
74gp78az,proceedings
41mi85eh,proceedings
29he56nq,proceedings
68ve14my,proceedings
96og36lz,proceedings
55gr91fi,proceedings
82ud92xq,proceedings
93op26vt,proceedings
89cc48ta,proceedings
23xg39pp,proceedings
18zc59fx,proceedings
33gu26wq,proceedings
79og29cs,proceedings
42as76mr,proceedings
11ev00fz,proceedings
47ke80iv,proceedings
88zi82te,proceedings
62wv14pw,proceedings
31gy40nx,proceedings
28ws02br,proceedings
65sq98wm,proceedings
00si44sk,proceedings
03ce94fx,proceedings
65rz27oj,proceedings
89sh32la,proceedings
27nw06rk,proceedings
57nu41mm,proceedings
09eo11ks,proceedings
19jn07uk,proceedings
58ck58xp,proceedings
41cm04fm,proceedings
67fo35fo,proceedings
90pk41gd,proceedings
78bx15hs,proceedings
81ee82vt,proceedings
00ma79rs,proceedings
53ck02ch,proceedings
75lk79jl,proceedings
21vi72fg,proceedings
76od87qy,proceedings
68fj84bi,proceedings
82wd09id,proceedings
38qs55nu,proceedings
26dy23cw,proceedings
74jh08gq,proceedings
80nz79ba,proceedings
22fv13ws,proceedings
60gl64ah,proceedings
30el22lq,proceedings
51ql41qm,proceedings
93ff16pe,proceedings
15hk40ki,proceedings
31vj44xu,proceedings
71ue47km,proceedings
11mi03iq,proceedings
92pq30zz,proceedings
38be32xg,proceedings
99od51dd,proceedings
01hp76ja,proceedings
42qz80lx,proceedings
41rl16rc,proceedings
43ny40sq,proceedings
79ft91zd,proceedings
84ot17fa,proceedings
63fl00mu,proceedings
26aj54jm,proceedings
51yf81sr,proceedings
70yt62oj,proceedings
11ug72gt,proceedings
39nq50iq,proceedings
95bk90ng,proceedings
61wg95ra,proceedings
30wo67li,proceedings
53ub53cv,proceedings
55yz80ym,proceedings
88kz27fv,proceedings
46nn13la,proceedings
30tk39sq,proceedings
72fp75zi,proceedings
47ln31ue,proceedings
92vc91re,proceedings
54bw79ev,proceedings
32nu77bt,proceedings
72rx81ex,proceedings
27bm61yj,proceedings
27lc02yv,proceedings
78xs56qh,proceedings
21lk62ut,proceedings
14pi28wq,proceedings
13xy41gj,proceedings
97ev24so,proceedings
76ba95bc,proceedings
79yf48uf,proceedings
23uu30jq,proceedings
74nm23eb,proceedings
27oq48yu,proceedings
60lm17kw,proceedings
51gz27qd,proceedings
70sq47dx,proceedings
70mz36ja,proceedings
92jz77xh,proceedings
37dp28eh,proceedings
04ov62yo,proceedings
70zi06zc,proceedings
18ww27oy,proceedings
43bc60te,proceedings
93zw27th,proceedings
62dt86to,proceedings
60ew65mf,proceedings
75jv41ex,proceedings
75cd07et,proceedings
96cl22rx,proceedings
55vg52wd,proceedings
21sq32tz,proceedings
63pi58jv,proceedings
57mf96ss,proceedings
84yk24ro,proceedings
99wk25ty,proceedings
50ku70ta,proceedings
29qp27fm,proceedings
87pw84bd,proceedings
69bo47nr,proceedings
42yy81ek,proceedings
00nz74cc,proceedings
51ye14dn,proceedings
48nx28go,proceedings
61zu29nb,proceedings
59pv85dt,proceedings
57an31lz,proceedings
94te03wr,proceedings
06kj85cl,proceedings
14se89gw,proceedings
01jg26tm,proceedings
94rg25aj,proceedings
87wi12th,proceedings
24ip96ct,proceedings
26tm77oa,proceedings
92ch09vq,proceedings
76fa00ak,proceedings
38iq72ba,proceedings
04ux30xr,proceedings
19vq34ft,proceedings
53on35vm,proceedings
97lt91sa,proceedings
72mj68mp,proceedings
01xv16dt,proceedings
77kx35js,proceedings
53ze98wf,proceedings
36wr34zr,proceedings
97nx78nu,proceedings
54rx75cp,proceedings
53es62aq,proceedings
48yd47lv,proceedings
86sc42da,proceedings
18xa55ta,proceedings
54rl39jc,proceedings
68mg89dj,proceedings
47bl07ge,proceedings
99ag18if,proceedings
05rj63vl,proceedings
26ds73ep,proceedings
59wo68vb,proceedings
16va86rk,proceedings
96mm22xe,proceedings
49eb11gi,proceedings
85sq33re,proceedings
75oj06hg,proceedings
13xg34gk,proceedings
55kb19st,proceedings
88gd08is,proceedings
42cl17bx,proceedings
93nc86fu,proceedings
51fg49qm,proceedings
22sy33ie,proceedings
72fo82nb,proceedings
17pd96ad,proceedings
43if85yj,proceedings
23wd19pg,proceedings
36ne24bh,proceedings
44xv73sh,proceedings
67qt00ct,proceedings
83gu44qi,proceedings
60wr86ge,proceedings
46qr87wi,proceedings
69mz74lb,proceedings
72ov18lu,proceedings
73ys66cv,proceedings
99oq32fl,proceedings
13nq06iw,proceedings
02kt17lp,proceedings
02ps47gc,proceedings
00le79oy,proceedings
48jg40gi,proceedings
61bf50os,proceedings
26qm45lz,proceedings
19sc13or,proceedings
11ke71vb,proceedings
70uc03xe,proceedings
72cl76dg,proceedings
20ii41cq,proceedings
52zw81er,proceedings
69ni53bh,proceedings
13tr46lc,proceedings
95mm55ux,proceedings
45pz16jx,proceedings
29gv58pt,proceedings
47ik37fb,proceedings
02yl88qq,proceedings
68hq87kj,proceedings
96db37qz,proceedings
37jb24ys,proceedings
97rm26qi,proceedings
25pl84sk,proceedings
60xv63nf,proceedings
40vv56oy,proceedings
31dm11ms,proceedings
15ww34ul,proceedings
77xb19gg,proceedings
65km37bc,proceedings
96xe34if,proceedings
00mi92mf,proceedings
01gu75jw,proceedings
49uu59vj,proceedings
13jc89ga,proceedings
53bv10qj,proceedings
86qi83qk,proceedings
16jw76yw,proceedings
75pq07ok,proceedings
37fj98bc,proceedings
35ke69tn,proceedings
03kr48eh,proceedings
94fh62ww,proceedings
16as28nx,proceedings
97sx46pj,proceedings
95dy74vb,proceedings
03mh43ii,proceedings
70mq10cc,proceedings
38ph39ks,proceedings
28gm66qb,proceedings
26ng62rc,proceedings
71cz72pn,proceedings
16ff75ia,proceedings
61hv42ew,proceedings
74nu36jk,proceedings
92me52mq,proceedings
70nt10sm,proceedings
19yd56hj,proceedings
81wf24dq,proceedings
79dy93zq,proceedings
66vq04vg,proceedings
44ra13af,proceedings
46jj10ul,proceedings
70ih95vj,proceedings
95sc37cb,proceedings
68wa59qq,proceedings
97js55ny,proceedings
77ay23ly,proceedings
33qn71di,proceedings
80bb54ky,proceedings
49jz79ww,proceedings
90xb62yy,proceedings
35vk52be,proceedings
71yz21dl,proceedings
53wy96nx,proceedings
87si22qy,proceedings
85jx83jy,proceedings
98hy23jo,proceedings
87pv06xx,proceedings
58fv60zw,proceedings
97uw32pr,proceedings
31wo05ma,proceedings
38mm87sh,proceedings
80kr97co,proceedings
98wq72vp,proceedings
31qf99ek,proceedings
22ys48ww,proceedings
42gk70yk,proceedings
87el13sa,proceedings
47qo34sg,proceedings
65il37pb,proceedings
19mv76mm,proceedings
10fu15jj,proceedings
44nx75gs,proceedings
75js23oy,proceedings
97bw43cd,proceedings
36yn81jz,proceedings
86ql47qk,proceedings
95ao91nk,proceedings
62ov88mv,proceedings
73rt78lb,proceedings
20fa68iq,proceedings
11pp73hx,proceedings
08zc85vm,proceedings
04cw99pb,proceedings
58sp93gk,proceedings
77tt56cw,proceedings
99se94lc,proceedings
51bl16nt,proceedings
97vi49cn,proceedings
60vv97dm,proceedings
40xw95kt,proceedings
33ci51gf,proceedings
49fh06tc,proceedings
99gi37dz,proceedings
72fo08fa,proceedings
12un25oi,proceedings
67by76hs,proceedings
19ha91wl,proceedings
58mg15bz,proceedings
87mz89bz,proceedings
80iu78do,proceedings
03yl00wp,proceedings
78nx64se,proceedings
07vn05pb,proceedings
71so82ff,proceedings
29lt11yk,proceedings
26go62az,proceedings
12si73sk,proceedings
62xs60fm,proceedings
35fw14kx,proceedings
50ex15ce,proceedings
80fy72kf,proceedings
16ul41wj,proceedings
71sb63lm,proceedings
37pg92du,proceedings
58ok10sj,proceedings
70wt96sy,proceedings
21ul55vr,proceedings
28pn07mq,proceedings
49sw95jx,proceedings
40nk17yc,proceedings
99es48ag,proceedings
80cb95mr,proceedings
90ta50qv,proceedings
95kh62em,proceedings
75sl32ja,proceedings
97cx33yk,proceedings
49dd62bf,proceedings
06pm66rx,proceedings
65wp88xd,proceedings
16nu13nf,proceedings
82jb33lx,proceedings
99cw80jj,proceedings
18zy32nc,proceedings
27lc69tx,proceedings
27yr20yk,proceedings
69yy34xv,proceedings
12qn68nt,proceedings
28bk94tp,proceedings
66er83li,proceedings
82fa85ag,proceedings
64io47hk,proceedings
68fk43fr,proceedings
93km95it,proceedings
97yp32td,proceedings
81pv49sp,proceedings
63nt57ru,proceedings
26kp52fa,proceedings
03oi59qo,proceedings
52ng52gn,proceedings
17ln31bq,proceedings
78wl72rb,proceedings
97yy54mv,proceedings
00uv00nm,proceedings
24rc83ua,proceedings
54cq79ou,proceedings
41sc12cj,proceedings
41hh94hq,proceedings
24tr19or,proceedings
39bj76vb,proceedings
07hw02ak,proceedings
94zq27sv,proceedings
87nx21gt,proceedings
63up45yg,proceedings
20nc69yg,proceedings
84fq59uq,proceedings
34yu70oh,proceedings
78qp51zo,proceedings
60xp16db,proceedings
05je57bz,proceedings
06cq21xq,proceedings
60uv48ig,proceedings
99dr00dl,proceedings
66cg62lq,proceedings
19xv96ye,proceedings
33ea66wk,proceedings
46dx52jb,proceedings
02fx14yc,proceedings
87yi19sb,proceedings
72vm13xp,proceedings
03it12dg,proceedings
62xg62mi,proceedings
01mx08oa,proceedings
90zv33ht,proceedings
00nq76tt,proceedings
40nm47aj,proceedings
38kx83ra,proceedings
27uj83pt,proceedings
53eh06dw,proceedings
59ox65nf,proceedings
77pj83qk,proceedings
41kw32cx,proceedings
34lh96ca,proceedings
71af01bc,proceedings
81qy28lt,proceedings
76ru35lp,proceedings
27el56cr,proceedings
10nb62wx,proceedings
82om15pa,proceedings
37pq16xq,proceedings
00lp58fs,proceedings
77ai93cx,proceedings
67vc01xd,proceedings
74gb53ea,proceedings
91el50lf,proceedings
51ds63pt,proceedings
94pj70gf,proceedings
14ie08ho,proceedings
94is06jl,proceedings
62cq90ut,proceedings
01xy34rq,proceedings
61ad91vc,proceedings
52vx81nk,proceedings
92qb90dr,proceedings
48pl73wv,proceedings
02bt54sh,proceedings
09df73dc,proceedings
28qg45qq,proceedings
19xz73vb,proceedings
09zb42sn,proceedings
30lo03eq,proceedings
49ps87jd,proceedings
72fd18uq,proceedings
54ex97bg,proceedings
08yp37ie,proceedings
68pq31su,proceedings
95vv90xh,proceedings
53mm71xr,proceedings
79si48vh,proceedings
29pg05mj,proceedings
30hy49cy,proceedings
22xs79yk,proceedings
62bh31zt,proceedings
04ob07xc,proceedings
36mq15ji,proceedings
62cl30sn,proceedings
55lf72ve,proceedings
31fv16ob,proceedings
90mq02ru,proceedings
85qw99sb,proceedings
98er19jq,proceedings
53fu90yi,proceedings
78ii32ul,proceedings
36rr56gi,proceedings
34ax64ed,proceedings
00gb22rg,proceedings
64ms93yy,proceedings
52jh92hq,proceedings
59ho83dg,proceedings
06gl75yo,proceedings
54xu27mk,proceedings
43xk32cr,proceedings
91fa23io,proceedings
46vl30jm,proceedings
75jc75be,proceedings
47yi76fs,proceedings
06eh83kx,proceedings
65sz70oa,proceedings
24co84bd,proceedings
18hx51kt,proceedings
88ot28zw,proceedings
02ge83yu,proceedings
57rg75lp,proceedings
06yy26nh,proceedings
42ky87yq,proceedings
85km07rv,proceedings
33by65pl,proceedings
11iz16lr,proceedings
67ly87gf,proceedings
39hf16wl,proceedings
15hu61av,proceedings
72br89sr,proceedings
08yr32ro,proceedings
50vp13lg,proceedings
74oe60bd,proceedings
94de01yr,proceedings
86ez96cw,proceedings
40jn80qt,proceedings
35lu26ty,proceedings
33bz85dj,proceedings
38bv19hy,proceedings
57qn36zw,proceedings
22zl29kb,proceedings
74oc93bj,proceedings
28dk41ae,proceedings
31ye68ke,proceedings
11zl47ry,proceedings
33iu10wt,proceedings
99ko29gn,proceedings
54gm69aa,proceedings
53qy17wa,proceedings
34wc43gv,proceedings
45bo56mp,proceedings
35il79yy,proceedings
43xm57vh,proceedings
42kf01sc,proceedings
11ch95sq,proceedings
95lk11ae,proceedings
88rt73iy,proceedings
89dx26uq,proceedings
44up91xz,proceedings
65rh54ib,proceedings
92cv68jq,proceedings
26qn49zw,proceedings
98gt01ot,proceedings
43ss51zi,proceedings
00ih75fk,proceedings
89er36ke,proceedings
81xs21dq,proceedings
92kn55nu,proceedings
28gy91ef,proceedings
92wj82ic,proceedings
43tl41je,proceedings
44te52nz,proceedings
70ni62gc,proceedings
85fs12dz,proceedings
24xc50hm,proceedings
41wj38hw,proceedings
35ha32jg,proceedings
85sh55gk,proceedings
81ax19ku,proceedings
41dr32tj,proceedings
78yd91mv,proceedings
69uv58ak,proceedings
44kf20df,proceedings
35os53su,proceedings
03lq78zf,proceedings
57bs94dn,proceedings
10xt68gn,proceedings
65og29hl,proceedings
50fl67zs,proceedings
52dn67jq,proceedings
18cq88ha,proceedings
97lt32st,proceedings
56xm73fm,proceedings
24wq75qq,proceedings
88jx94xi,proceedings
34mv87jd,proceedings
22xq94ck,proceedings
70ps09fv,proceedings
89yq87hg,proceedings
37dc69jo,proceedings
36tg60xs,proceedings
79ut60cs,proceedings
82dc02xd,proceedings
20gm70ff,proceedings
96qp04ge,proceedings
63zp72wq,proceedings
94fl46wf,proceedings
92db73pt,proceedings
12hn89ik,proceedings
25em17ga,proceedings
60ky97pn,proceedings
48di90vx,proceedings
84tz21kt,proceedings
64ef57bn,proceedings
05jl36nx,proceedings
82vn72me,proceedings
57wi56ih,proceedings
22qk16oh,proceedings
21yi94km,proceedings
22uu41sj,proceedings
68py98fb,proceedings
92cb26vw,proceedings
58kl30br,proceedings
16oy33tx,proceedings
34vi41sj,proceedings
56qc47sw,proceedings
01vd78gl,proceedings
10xy32bh,proceedings
50zl42xe,proceedings
02pw80vz,proceedings
69al04xm,proceedings
78xx56he,proceedings
59gc39yo,proceedings
41up22mp,proceedings
45jf51go,proceedings
95iv84qs,proceedings
75wm82ux,proceedings
69ds31ay,proceedings
63iw59of,proceedings
39zf25wo,proceedings
51dl99pl,proceedings
99hi07ua,proceedings
31vj21mh,proceedings
92jg38sa,proceedings
34bq06rp,proceedings
82mi37ts,proceedings
80aw87pf,proceedings
45je63da,proceedings
17sc46tn,proceedings
42ua76sm,proceedings
34rm30kf,proceedings
43vi83sh,proceedings
69na19up,proceedings
19zg10ob,proceedings
15tm29px,proceedings
19bn33qe,proceedings
29yu85ca,proceedings
38wf30xm,proceedings
30ax57vn,proceedings
56oo83dn,proceedings
14di11ey,proceedings
91xm42vn,proceedings
84he36ac,proceedings
20qo26yq,proceedings
71tw59jx,proceedings
04xq49us,proceedings
22jk87nd,proceedings
51nd64dx,proceedings
94mn50ok,proceedings
95ji56by,proceedings
46av17ei,proceedings
42bp30nd,proceedings
34kj65hm,proceedings
18qb33ym,proceedings
03il32ak,proceedings
59oh64tm,proceedings
67xo88wz,proceedings
27xy79lv,proceedings
97yb47rw,proceedings
29he58ep,proceedings
19me03jx,proceedings
92mf17fj,proceedings
68ej24iu,proceedings
20zb81pu,proceedings
58lf96yo,proceedings
81jt12gb,proceedings
82ge28sj,proceedings
58uj57ls,proceedings
56fd25bg,proceedings
79eo91av,proceedings
34qh06yf,proceedings
43en77sv,proceedings
49ol82sc,proceedings
31da32fm,proceedings
81wa75zo,proceedings
85yv66uc,proceedings
35mh64bm,proceedings
09ov67km,proceedings
74pq23iy,proceedings
45rm49ev,proceedings
55el13uj,proceedings
02na60oj,proceedings
49xv69og,proceedings
19eh21jn,proceedings
22kb65bz,proceedings
02uq96op,proceedings
81bt58pd,proceedings
75dd66ax,proceedings
98kr87bk,proceedings
58vb79xg,proceedings
31aj10sh,proceedings
85wc03rf,proceedings
59fx20lj,proceedings
24ni96ud,proceedings
38vr03gj,proceedings
77jt81io,proceedings
44rw24lq,proceedings
94uo08wk,proceedings
66fl31wq,proceedings
11qs66ed,proceedings
20wz10qk,proceedings
87nk26qi,proceedings
47qx50wa,proceedings
49vn69jk,proceedings
99nc42ll,proceedings
62kv98pj,proceedings
28dv55sl,proceedings
66ij97xn,proceedings
41hs69bf,proceedings
86ws11lu,proceedings
77ru89ej,proceedings
59ca08du,proceedings
22in23xi,proceedings
45qc96rc,proceedings
70yu12br,proceedings
04ou16pn,proceedings
26kb06gj,proceedings
57id55ir,proceedings
81iz07cx,proceedings
59le96ma,proceedings
90fp80ki,proceedings
20uy68cu,proceedings
51ju34pq,proceedings
87gf67dc,proceedings
49na63of,proceedings
96zg69ve,proceedings
55eh63kx,proceedings
65cb91xf,proceedings
85ek10km,proceedings
40ep94du,proceedings
99rb20bj,proceedings
80ku83wp,proceedings
35th23vv,proceedings
43kr58fv,proceedings
75wj58pn,proceedings
72nv63ml,proceedings
37wa32os,proceedings
21il05py,proceedings
23hn07bb,proceedings
48jv42uu,proceedings
80gk19oe,proceedings
55cd67tw,proceedings
12id66jb,proceedings
16ed99th,proceedings
08ba70kp,proceedings
14qq12zr,proceedings
35qp55pp,proceedings
48jk44oo,proceedings
53mm88qf,proceedings
93jh80eg,proceedings
27ao96tm,proceedings
33up46zm,proceedings
57zl18jz,proceedings
95dn32pj,proceedings
68ed59nw,proceedings
72mn54yj,proceedings
27re50vw,proceedings
09ml68rc,proceedings
30px14ep,proceedings
85gz91dv,proceedings
09uv13ey,proceedings
13jt03ta,proceedings
18tw90ib,proceedings
59wb44hs,proceedings
32kx27kr,proceedings
35cr36ug,proceedings
25gz44pa,proceedings
73dm73vs,proceedings
76vn36er,proceedings
34ld54of,proceedings
14vm96ng,proceedings
11ae80sy,proceedings
30if71fi,proceedings
11ai60vk,proceedings
22zz47dz,proceedings
02dm60pa,proceedings
12qv88wm,proceedings
93uo63pt,proceedings
75kt22aj,proceedings
21nh59on,proceedings
70jv61tq,proceedings
32oq27js,proceedings
56ta94hy,proceedings
19rk42ns,proceedings
35si15ss,proceedings
61re99al,proceedings
49fq64og,proceedings
97ia61ow,proceedings
01fu30mc,proceedings
69dy87ig,proceedings
04ew17ae,proceedings
09ab94ka,proceedings
33ly80xy,proceedings
89km77gc,proceedings
66mm53fd,proceedings
75gm35uw,proceedings
70px92za,proceedings
83mf71le,proceedings
29ju65ef,proceedings
38ci33yp,proceedings
12ey48kh,proceedings
21ii04zu,proceedings
48xq33jo,proceedings
27is44hv,proceedings
72ed61xe,proceedings
02kz62yr,proceedings
17ol90yg,proceedings
25vs67nd,proceedings
30ky93bz,proceedings
09za29fk,proceedings
67kd38sv,proceedings
24eq93zw,proceedings
33xu84ry,proceedings
14ju86cs,proceedings
53vz21ll,proceedings
25qp76ab,proceedings
67fz34yw,proceedings
12cl80pe,proceedings
54dx38nc,proceedings
36zi23eb,proceedings
57vm93qs,proceedings
54bg04ck,proceedings
36pt34tc,proceedings
63lh80gr,proceedings
16iv13fu,proceedings
75zd96wf,proceedings
69ws45mf,proceedings
09gt56mx,proceedings
77px09zo,proceedings
96rc82cd,proceedings
34gk80ow,proceedings
63or61de,proceedings
77xf41sa,proceedings
43ay77iu,proceedings
03kz56ij,proceedings
69jc02bj,proceedings
41cd51ms,proceedings
28xl86zp,proceedings
63uj82dz,proceedings
01sp48zf,proceedings
26ja16zp,proceedings
15qt70wa,proceedings
30yg93xn,proceedings
27ve15af,proceedings
47xh89pf,proceedings
03ng64ns,proceedings
66ov59rm,proceedings
79ew90bp,proceedings
60mt23vl,proceedings
32pc09cv,proceedings
16ql29ag,proceedings
54ol72ku,proceedings
08eg36kx,proceedings
85xz95tw,proceedings
27xj96hm,proceedings
39hu93vz,proceedings
33ph29ui,proceedings
56lh51gk,proceedings
75vf86dh,proceedings
33id56tx,proceedings
52ag09eq,proceedings
74zo13rw,proceedings
64oz89ea,proceedings
20lp99wl,proceedings
47hr85ab,proceedings
39bq21yu,proceedings
67hm50fs,proceedings
87qr21bc,proceedings
37nz62qa,proceedings
11ga01ph,proceedings
82an63rc,proceedings
59kt14jj,proceedings
04kb02dt,proceedings
27uk89yh,proceedings
09zx23xm,proceedings
57wy33kq,proceedings
79rq98ey,proceedings
61in61rz,proceedings
52km63st,proceedings
11en19ql,proceedings
89nl19pp,proceedings
38uw97xq,proceedings
50zw48rr,proceedings
92jh91zs,proceedings
61jm34qe,proceedings
16ej36sk,proceedings
76xw44vo,proceedings
00hx33ew,proceedings
13yb92tz,proceedings
29kj69ki,proceedings
11ms89wp,proceedings
60ai44sg,proceedings
22sb37li,proceedings
23rx29gr,proceedings
54ng07fj,proceedings
53cs61fi,proceedings
99qm49uw,proceedings
71aj53du,proceedings
