vr_id,role
HAN169iwb,chair
ABY251oez,chair
CHW046fbz,chair
DEL416hsw,editor
XWT271pdi,chair
OMI943ydf,editor
EMF407pwj,editor
RJJ260atl,chair
BMK487kth,chair
ADK094shm,chair
NIK465xaw,editor
FVQ537pyu,chair
HCG096dck,chair
BGF511hex,chair
MQI772yxt,editor
WQA744qot,chair
NVN931wuh,editor
PLI977eib,editor
FLK773wwe,editor
VEP041zlm,editor
DTE916hpr,editor
PTE781vjq,editor
BME768elk,chair
QRL171asl,editor
LFY493qht,editor
NHI833kyj,chair
JFB214pmv,editor
MNG202xif,editor
VKE502qkg,chair
QVF046pri,chair
JTA520twb,editor
MVG096lwh,editor
TFP451gok,editor
FUR476esz,chair
KKF029jrd,chair
GRT585esf,editor
ODS557jvv,chair
CLV183vsl,editor
RHY071hbu,chair
LNG354rwn,chair
FHZ904oxw,chair
ELB724cdl,editor
AWS941zcb,chair
QYR719lbg,editor
FND124lnh,chair
MHS140ruq,chair
UZR527ouu,editor
OLR332qga,chair
FNP745shd,chair
IWH345ryf,editor
OTG463sag,chair
TRQ518qba,editor
DER826ukq,chair
OMH036ruc,editor
QGH593zym,editor
VEB889koi,editor
ZEH777afg,chair
VCU563fdb,chair
SQF621tib,editor
UBJ917zhf,chair
XCD744mzt,chair
KVH319jin,editor
HHS172vbm,editor
WJF161meo,chair
XZD255rbp,chair
SXO737hgu,chair
HTI814juk,chair
HPF272aqz,editor
SXL484smt,chair
EAR719pwq,editor
SYR728scr,editor
PEZ294qow,editor
XNW031mbh,chair
VUX447ftl,editor
YSR837wep,chair
TAL390nvs,chair
MGH022ikv,chair
EIO909znb,editor
QOM846ipo,chair
VOD152yyq,chair
ZNG352taj,chair
ZXP878lib,chair
TWK010wfp,editor
CXH075irp,chair
XES164skv,editor
NXC140cyh,editor
EUL214kkb,chair
QDC942qed,editor
QCD183gwq,chair
EHH707gbh,editor
MMJ753ruz,chair
TAY149odo,chair
KMP079kzv,editor
NBV890yqe,editor
SRB881mqm,editor
OKT748nmf,chair
LPP371bja,editor
IQC716ixm,editor
ZQJ560wwi,editor
HQD523kbs,chair
BJT137dpr,editor
NRJ441peo,chair
THE982eff,chair
MUA227fdr,editor
YLY555any,chair
HFC994tuc,editor
KWN262ajq,chair
FHZ958itz,chair
SDO644svq,editor
NCE692tiz,editor
LEC483fsn,editor
WKV650fom,chair
NCM642peq,chair
VSS713vop,chair
QQV782psn,editor
SQN968svk,editor
DEW102ypu,chair
XEV016fsw,chair
WDV473hhe,editor
TWJ682wbg,editor
LFM380ake,editor
CTE195qtu,editor
GRZ325ykn,chair
LKH985gkw,editor
JQL554avd,editor
PHB431fwt,chair
QLM134hpn,editor
NIS953vgs,editor
VWN776ztm,editor
JRF127yyh,chair
ZUY786cfe,chair
SCF762lxy,chair
OWV160qjb,editor
GTS642vqk,editor
YKC832yxn,chair
KVF928olj,chair
UDN825ofc,chair
AJF498jvz,chair
HFD515ldc,editor
VCF901mtd,chair
TUT474etl,editor
JFW067kas,editor
INX681gge,editor
YIZ486kuc,editor
FHV911eae,chair
HEG329xwu,editor
LFO457ntv,editor
NQP634nck,chair
QNI692mnz,chair
PED460qbb,chair
MDN308mmx,editor
DSX757lhd,editor
BPG373nly,chair
YVN301oyy,chair
NJA136xzw,chair
FPD915bzh,editor
AKL791tzc,editor
WLW161xez,editor
XQE869see,chair
KUH225ifx,editor
VAT727naf,chair
TZM833mjg,chair
WCY760dsa,chair
UCM323mmg,chair
MVR333due,chair
KBT339pmd,editor
FYK848cel,editor
KMH842fks,editor
VUY126opi,editor
BNF032owr,editor
HZU809nez,chair
SIX835lxw,chair
JFL775mpw,chair
NQH147vts,editor
AQL669eel,editor
ECG577iai,editor
DMT411ukg,chair
XBR918wyv,editor
PFJ503bkd,chair
JXH297wmu,chair
GBJ298gwh,editor
PZS551alb,editor
UFF576qvy,chair
NLJ610kyr,editor
DVC887jnb,chair
MVD411txq,editor
HIJ637dic,chair
QDD779uam,editor
LXN485xml,editor
DNU146tyr,chair
XRB904vhx,editor
ZYR115hnn,editor
RZB381vgg,editor
VDM684mtu,chair
NXO307qxc,editor
TTM614kcj,chair
OYY040bws,editor
SOX306cqy,editor
ISF735zyf,chair
WQN091mjg,chair
BRG432cic,chair
BFD575qxi,editor
ZSZ674frw,chair
UUS133tdl,chair
OBG175efa,editor
RYV002kon,editor
RFB656gau,chair
XOY858mkj,editor
GJH748gbx,editor
ZWG355cva,chair
JSN364umo,chair
FTW603sjt,editor
KFP352icv,editor
ZQL856xtj,chair
EQE327djz,chair
QKH319dgh,chair
OOD911gen,editor
XLY255gyc,chair
XEO949pqu,chair
YOC765cls,chair
EXG399cbq,editor
UAD811lkp,chair
PKN332zqe,editor
CTW335pol,chair
AXB089ybg,editor
LZJ057dcb,editor
AAB586vgs,editor
LTS331bbz,chair
RAH686hig,editor
HVJ829zzm,editor
HMB414yxx,chair
MGP644oeb,chair
MZL120mwk,chair
SOG341scu,chair
KNV889bly,chair
FME993nru,chair
IER343dgv,chair
WTL821own,chair
PBI164gxn,chair
SQV759gdl,editor
EXW708vck,chair
AYZ213aky,editor
ULC497faz,editor
PKX339kvh,chair
NFS983lyn,editor
XIU803cww,chair
BNS063gsb,editor
NXB839jel,editor
EQA892fze,editor
SXJ630yky,editor
JJV297nee,editor
LBF815fhl,editor
JZK789lzj,chair
REP007xye,chair
KVX646bwt,chair
SSS881pfa,chair
OJU880kgz,editor
GYO559vdm,editor
WHM737ocy,chair
PWR154imw,editor
YLT299aso,chair
BJC377gqj,chair
ZBR644ytx,editor
MRA936yuc,chair
OKB366fik,chair
ZLA375cpt,editor
JCX017rlc,editor
KDC031rch,editor
WZA344pxt,editor
DWW504lna,chair
PAT791gci,editor
ZEC728xox,editor
BYZ392vxn,editor
ICG887yvd,chair
UVY856xer,editor
ZWE821mlw,editor
NSG237btl,chair
YIG476eji,chair
EFQ808vqm,chair
JSL860wrc,editor
BHU293erz,chair
QPG205tyy,editor
TXT860lsw,chair
VCJ043ynw,editor
JKE996kic,editor
DMU217bvh,editor
QSK784uml,chair
FTU327dva,editor
VYB105nwh,editor
VTF043noo,chair
ROB879bit,chair
SIA097ums,chair
ITQ689qxu,editor
YGZ501xvy,editor
WTT365tcm,chair
UNL756scp,chair
XNW219hqh,chair
NPD988bxi,editor
XCE109sjx,editor
VMA280fok,editor
CIZ886kif,chair
ADJ606fhf,editor
ZFX230rzh,editor
UMM959vgx,editor
MHH617efp,chair
SBR553xdi,editor
BAV574akb,chair
OML593keb,editor
LPP761fbe,chair
MJC323fbd,editor
HOB669fxg,editor
DCI933yte,chair
KFF876ttf,editor
BJD488qrp,chair
ATR636nue,editor
APS162eyt,editor
PSG470jmv,editor
KUV096smp,editor
YLQ974cfv,chair
LON555kqb,chair
OTY622uwm,chair
JCK437jch,chair
"NAY326cdw",editor
LWE407yeb,chair
ZOK541jld,editor
JMY431sue,chair
DGQ715pik,editor
RLO368qqa,chair
LIA979aqc,editor
AAP985hut,chair
MLX922nvs,editor
AVA117zmc,chair
ZZZ790gdu,chair
OVU111laf,chair
CTR328quh,chair
ZVX327boy,chair
EZS989djm,editor
UFV707usm,editor
PVM949ctt,editor
UBL740cow,editor
VSU795xqn,chair
OMW701kpx,editor
KJR247eng,editor
ORR903fiu,editor
XXQ798smn,editor
XDU053kyi,chair
RDA610ylq,editor
UHH371kvp,editor
ZAC094xsg,chair
KUX117qxi,editor
ZYR030uug,editor
KZC399qyl,chair
FSL526rlf,editor
CMI421odp,editor
JUK435lzm,chair
XME917tbg,chair
QWO776apt,chair
UIK649lvp,editor
VDF550wsr,editor
GRG969sqh,chair
GLW086rjp,editor
AIS555gqo,chair
PEM889qti,chair
QKR246ayx,chair
JBS028bbb,editor
GYM899csa,chair
YPG517ogk,chair
TJT401yqa,editor
XIA127lgs,chair
WCV985wli,chair
OTE938jvc,chair
DZR883iob,chair
ZLD506cma,chair
EDJ820ugx,chair
SJH809una,editor
TRI986owk,chair
IZK034lqn,editor
IUA257ttl,chair
YQM863mnp,chair
IEB918oaa,chair
KCG944fxz,chair
EFH187aaw,chair
CDW424vuz,editor
ZKK114qmp,chair
YBG809wqg,chair
KBR843qba,editor
BSH114csg,editor
XDW588zxx,editor
BSR676hun,chair
ORI583jqd,chair
KMQ942zxn,chair
WTH422yiw,editor
MOW213win,editor
IYR183api,editor
ZLN634lkp,chair
JXZ288wwk,chair
UTL960nux,chair
OXG898qpv,chair
FJR107hce,chair
AGM326yuv,editor
QMF880vvn,editor
PQT800vhu,chair
EHA950mgs,chair
SPM725dvo,editor
VUT514lxv,chair
ONN872mcy,chair
WAJ075cie,chair
KSA412chd,editor
MGO058eph,editor
UFQ415ojd,chair
PRV788eqr,editor
TSL994lle,chair
DSA535hfm,chair
WXC702vme,editor
WTJ793wpj,editor
NMX000lid,editor
DKL275hdf,editor
MLU437gsy,chair
SEY866lib,editor
OLL500rja,chair
TNH896qwa,editor
PVT756cpz,chair
YUF378jyt,chair
MEF569qet,editor
BVZ774ywd,chair
QYF071ang,editor
EBE063vss,editor
INP736gfv,editor
TTK292hos,chair
WYK891bor,editor
UWU898esx,editor
ZTT701mge,chair
FPP374xpj,chair
VXI158udo,editor
BAV853mdq,editor
ZMA700ciu,chair
NIB578fpc,editor
BMC160cph,editor
UCX941yex,chair
IVD790nqw,editor
ASW494rek,editor
UQH282iim,editor
UDR756nap,editor
HFK265mff,chair
ILL477cei,editor
FPQ996hua,editor
WII678ynd,editor
UNY814btr,chair
UEU946rmz,editor
IZM051oka,editor
QFE701psg,editor
AJA604elb,chair
SUH349ufm,editor
FZC243rak,chair
FLC368ukc,chair
CML103tge,editor
FHK136zws,chair
LEW116jpu,chair
CYT079cka,chair
BLD560ymw,chair
JUQ692ryv,editor
EPB177kwd,editor
WLO420lkt,chair
JOX543aau,chair
MNZ295cjh,editor
VXR170sqh,chair
KOM839mty,chair
AEW829mqx,chair
KZX630lke,chair
XHB998jss,editor
OGS405qdh,editor
MXZ213tfo,editor
HFY466hxg,editor
QYO973fxv,editor
KES266mpp,chair
RVP583irl,chair
LUR878hdj,chair
UGV769tjd,chair
ZGJ436hhn,chair
OMT874rsw,editor
QYQ878vln,editor
VEE111ruz,chair
VNU535zdw,chair
XGN611wca,chair
ANN423yqi,chair
TER161inq,chair
AZS966lmg,chair
PHZ559xnv,chair
IUS454jaq,editor
XTZ775zne,chair
JFI239wrq,chair
PHL922ala,editor
TSN553bhk,editor
ZRY398bsd,chair
MUG432usd,editor
JQN626tba,editor
BKO016ini,editor
AUW817oba,chair
AYI890agk,editor
SQY814zcz,editor
OCI126qwj,chair
TMA287xba,editor
WJV262gzq,chair
YCV426cqs,chair
HRV198zem,editor
HWJ611zer,chair
QKC727dml,editor
KTD980oac,chair
INQ303prs,chair
OHC928yvv,chair
UJT250ikf,editor
ESU479vds,chair
PNZ256rav,editor
JSC217uil,chair
AKX025wbn,chair
BZM627cmz,editor
YPS233pti,editor
DSV301iij,editor
DFX471fpt,editor
ZHS588phl,editor
VCV923gux,editor
QIX612jbi,chair
PTM665eah,chair
KBJ124zeu,chair
CYF358qes,editor
NDS161ojb,editor
EQM917jjl,chair
NRK231jeo,chair
XIB180vjr,chair
AQO267enn,chair
NQI638tue,editor
KQX156ltt,editor
HVD899zpg,chair
FNZ861rvn,chair
YLF999kwt,editor
IVU656cqe,editor
MXV344cuj,chair
PLD945jho,chair
CCK643sws,editor
BKQ883zrh,chair
SPL932bym,chair
YHC092rxx,chair
UBA534rkd,chair
FDU430qzw,chair
OOT787weh,editor
ZLS441zxk,editor
RQY664ott,editor
TTU517yzt,chair
CPS512wrz,chair
FXO479hgc,chair
UJX860pnx,chair
ORY469swu,editor
TRX663oiy,editor
AVA834rxz,chair
JGJ250fri,chair
VPL981efb,editor
BSO486fqv,editor
DIH767iwe,chair
IZC500eac,editor
HEM558kyi,editor
IXN151psg,chair
PIW470tyq,chair
KCO646mjg,chair
JZX692lwd,chair
EET197oxz,editor
ICL491qzn,editor
LHA618glc,editor
MYN739jqh,chair
CFX597nch,editor
KYH303pvw,editor
WCG585kxt,editor
ZTE519zyc,editor
ZGJ395tug,chair
BAV304yqr,editor
GXN282luc,editor
RPF075xpz,editor
FTW163isz,editor
DGJ919jff,chair
CPM005qiv,editor
JIR611qcy,chair
AQO205ijg,editor
ZPC175xqp,chair
SLE541vii,editor
SPA484pxe,editor
QYV560uyy,chair
WKV861ucg,chair
FOE092nnf,chair
TWM248iov,chair
YGB418ipz,editor
SAK908dbh,editor
TDP604byc,editor
UJF557eqc,editor
FTL202xao,editor
RUU853sim,chair
HJY983kdc,chair
XVE975srj,chair
TIU575knv,editor
UML972hlq,chair
DVC364ntk,editor
UFH698bbo,chair
LNJ164pgi,chair
FPZ734kfc,chair
GNV024xip,editor
PDG424ygj,chair
AFK611ucx,chair
WTV517yqv,chair
UDN084lrn,editor
PKN108asz,editor
FDE724sjh,editor
OIV203mgm,chair
PQV260fiw,editor
LMD592rot,editor
VBY460qtw,chair
EDG527woy,chair
NQX226qhh,editor
QQU518spb,editor
QBH386aqg,chair
JNR021hrf,editor
UGZ586spx,editor
LHF504jyz,chair
RMU890tpq,chair
ZNG559tce,chair
MTE330pma,chair
GFC192xau,chair
NTH701qvg,chair
ZNN576rax,chair
NWI369lsc,editor
MLV740sqa,chair
MQI579utm,chair
FLR843dzn,editor
JHQ160gxp,editor
QEQ935vfn,editor
AAD982fcp,editor
ZSU536tmf,editor
YTW914rzy,editor
DSN014esf,chair
UTA939eey,editor
UDV272gpw,chair
BMS617isu,editor
BDH762kgf,chair
QRP627rpa,chair
OAI724wwi,chair
JPA587zvo,editor
TYK558olr,editor
LUD353msz,editor
ZKB398kgi,chair
AYK431hkd,chair
FGI302dpn,editor
JWA965dcv,editor
SOR192zsd,editor
RPT489raj,editor
PBF469jqe,chair
UIN147csw,editor
IRB176egp,chair
ISF814cvx,editor
JZQ870rkt,editor
YSD117kwt,chair
YAS061xqw,chair
EWL950dbu,editor
ZGC158ibb,editor
PXY576lie,chair
VVK535yte,chair
CKU791eba,editor
JJA719zbv,editor
NPG884omv,editor
NXX855rnx,editor
GUI010qrh,chair
IJR409epv,editor
IWR716wsp,chair
WGV297gpv,editor
RNC724pmg,editor
PFB463pol,chair
GDT786wvt,editor
PHS847txw,chair
UJO368fas,chair
BZN587hxb,chair
GMT105yad,chair
RJG097iva,chair
AWX657ziz,editor
LTC639oki,editor
RGE804fgs,editor
XBQ456bax,editor
EYL908zsu,editor
YVO031ezn,editor
DZJ244vov,chair
EOL329ypp,editor
ZBL900nyp,chair
FOT810epi,chair
MCM488hqd,chair
DSZ541stu,editor
ZXO104qex,chair
VTF120kqr,chair
GAQ051png,editor
TOC602iyo,chair
PRK754lgw,editor
HDA141vuu,chair
BNN279fnc,chair
EYL384hwg,editor
DFB229heg,chair
WYU839asv,chair
JWT084mop,editor
IEZ379ynq,editor
LPN598buv,chair
AEZ928wna,editor
GHR240unu,chair
LOO784cpz,editor
NPP050ugc,chair
IWP481afy,editor
CJV746ckd,chair
PER394hur,chair
GSX319uje,editor
ZZA566zrl,editor
DZY036cph,editor
OLV836klm,editor
TRK740wjj,chair
VLH921mhb,editor
CAD191dki,editor
FJS183qkk,chair
SLV215iul,chair
TWP461tlj,chair
XIO084flh,editor
DME529fbh,editor
URR872nbe,editor
QMP572dsl,editor
PDW110nil,chair
ZBP581fjr,chair
ZJM779zcz,editor
QLW404sgv,chair
IXK768vgs,chair
ZHA001kqr,editor
PQS699hes,chair
IYI048rye,editor
PBR157ftg,chair
KTD087sgr,editor
PRN393aes,chair
CRU369szm,editor
CSC900eou,editor
CJI261gnz,editor
GEP973enj,chair
MKK515cin,editor
JZA950sfv,editor
HMM893dzo,chair
UGY363csx,editor
HGJ589wax,editor
ANW073udm,editor
OQO956gui,chair
FLZ262gbb,chair
QXU074bkg,editor
APS962vxv,chair
DID867nrh,editor
CTT515moj,chair
WRJ237qlg,chair
SXJ320ixl,chair
EAJ578gxt,editor
DDS223alo,editor
WTK977sxi,editor
RAY439spz,editor
VPE664sfo,editor
FTJ878xhf,chair
PUQ411wrl,editor
FGG898tea,chair
OBF289ovs,chair
NFA535cyv,editor
TSD501dpb,chair
JAW306mya,chair
DUO730wvg,chair
XXA898skp,editor
YMY836adm,editor
JHT353plp,editor
QLI852jta,editor
DVZ219acw,chair
LAF120duu,chair
THN707dsa,editor
WRL499uqy,editor
LQY094oxe,chair
OPS187uew,editor
VDE086vtr,chair
YWS377eub,editor
SCM652ryu,editor
LQK692fwz,chair
KSF537eby,chair
BWS271xmk,editor
UMQ109oxv,chair
DRZ535dbj,editor
XTU105uyg,chair
JVS902osh,editor
IFQ611oup,chair
QIO227fob,editor
DZE183kaa,chair
FLE813hxc,editor
QCY612txy,chair
TOC729cld,chair
IPA463kkr,editor
SLA938jsg,editor
LPZ864zob,editor
CNW500jal,editor
WCH580aee,editor
BII570gku,editor
NXA253wnn,chair
RRD566vcj,chair
ANV815joh,chair
DZH849jqw,chair
QXQ640rre,editor
JJJ841xap,chair
MAO900qzz,editor
HWA215rvd,chair
BZN599zkn,editor
CRO277kbt,chair
SXY756ged,chair
WXJ128rrk,editor
ZQQ697ift,editor
UOX232lss,chair
OPH434rqe,chair
HGB733dzc,editor
NWZ337igb,editor
UWW606htg,editor
KKO933mgs,editor
XAN978iba,editor
BPX616zjq,chair
KAM702xkd,chair
LGG965wly,chair
YIX510yrb,chair
IGI863meh,chair
RTJ276nqz,editor
KEV715pou,chair
SVB646uwh,editor
FCF253kpt,editor
HVU061cyu,chair
ZQC633hml,chair
FWV568wrs,editor
NDD309ehv,editor
ERD128mlw,editor
NOG373hja,chair
PPO204qdo,editor
YRQ653yyz,chair
RCW412mwh,chair
NOQ268vwh,editor
TQQ282rnh,editor
BDY305wfd,editor
WKL765tfx,editor
XIP245lrf,chair
SBZ822jtb,chair
ZCF421vor,editor
RQT148twt,editor
GSX923owc,chair
TAJ345dlp,chair
ZOF085vgz,editor
RIP158iik,chair
LLR246pxl,editor
CZE736fjb,editor
JOS660ypk,chair
UQK592mmz,chair
QSM292mjl,editor
INM866fcx,editor
LPR250uzy,chair
ZEP358pjq,editor
QHO471rnc,editor
LNP434uoz,editor
CDG807cod,editor
RHF071qnq,chair
LVF453pnn,chair
NHV388wwz,editor
SDB754hob,editor
QMH394rph,chair
AIB645lda,editor
LTR909spl,chair
USZ530zlf,chair
ENV909vfs,chair
VSD897aam,editor
XQM701yul,editor
FQQ264qjm,chair
OOE684xet,editor
GHL757qla,chair
HAT960hjo,editor
CYC428rxm,chair
OJG348ddo,chair
UEQ452ban,chair
LRR872rbu,chair
TQR366exo,editor
DGW328imk,editor
ATK967sul,editor
AWP624qoy,chair
NTD632voa,chair
SGF144rdq,editor
UGY212rst,chair
OEJ400jan,chair
RQI580pjr,chair
KLG881eby,chair
POV913dop,editor
HUQ545bxi,chair
PSW107piz,editor
ZET908tjd,editor
NUO592qfx,editor
KQI445bbt,editor
FKN168cge,editor
NJM624kox,editor
FPA511vsc,editor
CYQ393zce,editor
KCT735bok,editor
LAX388zud,editor
XFC027zsb,editor
KQD592ddr,chair
IAL797gxd,editor
SNO703kfp,editor
UTT603oec,editor
ORI286alg,chair
WIG970fpk,editor
ETZ816csn,chair
NVY186vnz,editor
VUJ980oku,chair
QJS444bdj,chair
OGL492fay,chair
FBP544pvr,editor
LAQ231soj,chair
RED573erg,chair
TEI558pkl,chair
MBZ682gak,chair
BSH260pzt,editor
ZGY601oab,chair
TKL862sbv,chair
ILC075qej,editor
KJT741ogj,chair
XPA163uio,chair
GRN927hqu,chair
UBH897ewi,chair
POZ176mvp,chair
WJV868kmr,editor
KNM313ojh,chair
ETK522odq,chair
CDD345fiw,chair
FTT318ogd,chair
MCT688rri,editor
EJL447tly,editor
BOB522mvb,editor
VQE217zny,chair
FIZ271lra,chair
TDH991kno,editor
FRR304wzo,editor
SYG889bbx,chair
GCR405gxr,chair
MBT274ubs,chair
ILG819gcz,chair
BMV642rpd,editor
EIY798cgb,editor
ZGF026nww,editor
HNG691mve,editor
YAC886frr,editor
USP803sne,chair
JSE241ygk,editor
MMV182ntz,chair
GQU784uns,chair
MPR834opc,chair
GKD208vnl,editor
KQF784dvl,chair
LUA500kxo,editor
GPF003mmo,editor
MKO092xrn,editor
GHI074pas,chair
ZSA663lvq,chair
GRT553cht,editor
UDT120lpz,editor
ELB440sos,editor
OFT609omo,editor
DIM828msl,chair
VJO326pon,editor
IBP669bsm,chair
STW125sre,editor
WGQ244ztm,chair
EYS711akh,editor
GWY192kyi,editor
RMD043pxu,chair
IOB215mol,chair
BKP640yjk,editor
FKU683kra,editor
NGL377csy,chair
IER287xhr,chair
XZX341orp,chair
FRS591oen,editor
AUO009kdh,editor
KBQ257dvs,chair
FPI333nzz,editor
WFI911lxe,editor
DWM988arm,editor
DGR583dfy,editor
BLA791vrm,chair
VKE665hev,editor
ITK814azt,editor
ELI396dwf,editor
LQY518szr,chair
LQT527pno,editor
IPF368ney,chair
RGH299ygz,editor
BEZ426wkt,editor
RKJ810lif,editor
GJI240izt,chair
OSU075cxu,chair
RQK079pfx,editor
BWR095xnb,editor
THC627bti,chair
FPJ149tzo,chair
QYD447djz,editor
WZM412hiw,editor
JFW166bgi,chair
IWC639yig,editor
XON121jhe,chair
QTX198wju,chair
CIU983ixe,editor
JOW262ips,editor
VVE849pbu,chair
FZW259wvb,chair
EOU349vrl,chair
NQM135fmt,editor
GAL076hvm,chair
HFK276gpc,editor
TPL142fju,chair
YGD380bjd,chair
DYK282ouz,chair
VTS624xkv,editor
SMZ343tmj,chair
YWG277bji,chair
GDU634puj,editor
ISP582zpp,editor
TRM049bia,editor
JMY571gzc,chair
TVF743dip,editor
FQM152dmt,chair
EWQ818hyv,editor
PQF635kvw,editor
JKX875zuo,editor
RUL550qea,chair
SJY458gtl,editor
LIC602ldi,editor
RVJ718peb,chair
GDM198rvs,chair
ZJN444wdk,chair
YNN226pky,editor
KKD917ubq,editor
ULV050uht,editor
TDW946pod,editor
OZX137rta,editor
VNM346vfs,editor
KAU566nwr,editor
DEF668mfu,editor
ZVW267wha,chair
CQO003wfd,editor
APB957etl,editor
YQY300gmk,chair
BOP720rbt,chair
STB923eil,chair
YGG814lhq,editor
WAX714gnf,chair
ZMM535zbg,chair
SMS006wgx,editor
WPV756rhs,chair
FVC741ocz,editor
UXE830kij,editor
UTP558ebk,chair
ANC049plg,editor
AZG442jnk,editor
KMS453bvu,chair
FZB908tsj,editor
MEA057uca,chair
LWX550xzy,editor
PBV220gyf,editor
IPU970hwo,chair
KEL053iwf,chair
XFF548sxc,editor
ICL702cqc,editor
PSG236gib,editor
MOE336twj,chair
AMV015fyq,chair
MAS487wbh,chair
ZUI164cku,editor
MJI157vdq,editor
IUQ834paq,chair
SSG737uka,editor
MEJ798gsw,chair
PBF786efh,editor
VVV268zlr,editor
RUB907bph,editor
QVW721hty,chair
GLD395kiv,editor
JRG977jmx,chair
OIY259mfm,editor
KUI401vwk,chair
PWS381zmh,editor
NSW494biz,chair
PNU156uci,editor
DWG676iec,editor
IAH461luz,chair
OQL189jsx,chair
OBJ065clj,editor
KVB931rnn,editor
JLN298xfn,editor
UWS415nwy,editor
ZMG382xbw,chair
YTC273roj,editor
DOD277sdg,editor
TEP330rkz,editor
HAW397prj,chair
MOI532iof,chair
NCD750jqz,editor
QPM536mzd,editor
AWQ172yzh,editor
WHP602aqc,editor
OYE936xvm,chair
JYU270qnb,chair
QSI576voo,editor
EMU125xjv,editor
CCK791pea,chair
PQD294loa,editor
OLM431vxv,editor
QKZ855fic,editor
OTN307kpg,editor
PNN865mpq,editor
IWD008eho,chair
SDV011qly,chair
MXQ949igg,editor
ZHL314jua,editor
LLZ661eqp,editor
WWX651znu,editor
LIX747fmh,chair
AOB950fdb,chair
DSZ270ecc,chair
JGF289myd,chair
IOQ024duj,editor
OJP350kpk,editor
HAZ832gur,chair
HKC240zdb,chair
ECA432qwp,editor
TEV738hed,editor
LDT226zcj,editor
TLE109cij,editor
HMV909ndq,editor
XGJ319imp,chair
HWI898jdd,editor
UZP256gnc,editor
UNJ207ujq,editor
CEQ860ipn,editor
UMH186twk,chair
OQH964noa,editor
UCG286pdo,chair
QKB130xws,editor
PZN319sqq,chair
ADM004dma,editor
NRL178dsn,editor
WVY811axt,editor
NVB729cmp,chair
OIK978tmo,chair
ZIG842ijd,chair
GSH867lsu,chair
ZKK881cwy,chair
WVX626ggk,chair
EAD713akj,chair
DPE052vfk,editor
CJC202hhm,editor
NRC281rkd,chair
MAQ156yux,editor
VSY030kqe,editor
VRF583lyp,editor
KEZ625yrm,editor
JIQ080yap,editor
IPQ742cez,chair
FQF290olw,editor
PJQ583rzs,editor
SOP039mzz,editor
FWB283hth,chair
JTJ913nyf,chair
MRO857qav,editor
NQC644cyf,editor
ULE744sdn,editor
POO625yjz,chair
QTO081ycv,chair
OUM584asu,chair
ZNP282zsx,editor
AQG424fkt,editor
TSB617eqc,editor
AHA806dbw,chair
IQN762kjn,editor
UUV602pzx,editor
RPB547jfl,chair
KUZ924xju,chair
QCV670elh,editor
ZQZ263dqu,chair
THY874nbr,chair
DND251cfo,chair
JRF107wjo,editor
SPL636dfw,editor
BAK219vit,editor
NMX119oui,editor
JQI883gvl,editor
NGQ724kyn,chair
FMF726ycm,editor
QVF383xth,chair
KJX630kax,chair
RUN961fhe,chair
CQO829ial,chair
RLC718dwb,chair
TBH169umq,chair
TDY396pfq,editor
BGM369jvi,chair
TWM966ijp,editor
WBG535wzu,editor
QHJ603fjx,chair
HZG873zcf,editor
TVP980rnp,editor
IEB088rme,editor
SUR013jkr,chair
MJJ084vhr,editor
GZC055ygm,editor
OTU381vcd,chair
RSW765lqj,chair
SAS406usm,editor
GOC254qll,editor
BQG968ttz,chair
GOT090out,chair
OIK756rsg,editor
RBF020prw,editor
LVE022jgc,chair
KTG342xjg,editor
XKA256uku,editor
OVX979aii,chair
RFU470tyi,chair
XWG490ahr,editor
WBN893naa,chair
SPV563hfi,editor
LMY252myw,editor
SKU587gso,editor
COK214rub,editor
MEJ496lmt,chair
FTW472idy,chair
CDS763qed,editor
JOX552sqs,chair
SSH512swi,chair
QRG349otu,editor
XCS123msn,chair
PLZ439otp,chair
BTS042lup,chair
WCE050mml,chair
AJP179kpz,editor
VYD772pzg,chair
OBY590gwn,chair
IGQ069ojw,chair
YRE624qxr,editor
NOH198nwy,chair
URK617doy,chair
MFJ595gsi,chair
YNP031llo,editor
SBS723iau,editor
HKH287nim,chair
EOT317osp,editor
QQQ806tqk,editor
PFF504iac,editor
NEC605xnq,chair
VLP446uoe,chair
RIZ205iuu,editor
HTG776jjz,chair
XOT870fsn,chair
VHC017xim,chair
OOH458mop,editor
KKJ922apd,editor
TJI748fot,chair
VZN926rmo,chair
QLN679soa,editor
OEN639cvn,chair
MMH669ems,editor
NES004cjb,editor
OGI393luh,editor
BIZ970gis,chair
CMM915fjj,chair
MDY574ldw,chair
XQS191aio,editor
CNQ855ofz,editor
DDO578fen,editor
SUK340tey,editor
HAS201dgs,editor
DHA884ryw,editor
TBG807qea,chair
TPM877fxp,editor
CGL953izx,chair
BQZ128vjx,editor
EPZ452xhw,chair
CFE033six,chair
RMC276xyg,chair
FOW022vmq,editor
IGS808oos,chair
JWA306ysi,editor
FUG110lkn,editor
FCI812hty,chair
HNS356iox,chair
KDO220bgv,editor
GXS425nbq,editor
ULB990jmm,chair
LEG729inv,editor
JCY596kxk,chair
ZEV650bdx,editor
AII452sqv,chair
EAB120xhj,chair
YTY126jgd,chair
ZRJ007heg,editor
SDJ096fns,chair
YVE636cyn,editor
ZHH723czy,editor
QBD922jdc,chair
HGN171mar,editor
QBH301eys,chair
IIX422dkc,chair
HNY200kel,chair
TCW028ruk,chair
EBK106qng,chair
FDW492goc,editor
KNZ907usq,chair
LAZ216izi,editor
MTX939nwv,editor
WHB882kql,chair
QYU695laz,chair
FCM020doq,editor
VWD178msy,editor
FYK350xdv,chair
MTC580zuu,chair
OBU855ocu,chair
FON898sdq,chair
VWU649veu,chair
XUH147mqs,editor
XYL636xzd,chair
MHK338xrw,chair
WHS106ams,editor
VFE054stt,editor
OBB920btj,editor
GMU076yif,editor
EOT608kkd,chair
ICK419wpz,editor
XYC548hkp,editor
ROV878hsh,chair
UFR558zpg,editor
JQT456zua,editor
QYF734nax,chair
VGW482pdd,chair
XZZ691crv,editor
DER114qlf,chair
DDQ197upa,chair
QGN217ksq,chair
SHH614btv,chair
VNB065gxz,chair
TJZ758oio,editor
TFR723aid,chair
ZPJ782urh,chair
DMY261rxp,chair
YXK297oey,editor
EES405yng,chair
YQR321bnu,chair
QYP283jxf,editor
SLM730iwx,chair
XKK484lgi,chair
YCZ734urz,chair
UEB529xqb,editor
VHS450tqh,editor
NPG766yfi,chair
EQA962kds,chair
TMP246ghh,editor
EIC121hsk,chair
QLB909okf,editor
NVN507ybb,editor
AQG668evf,editor
OMN914bdk,editor
NCX996uzl,chair
XTA259ktc,editor
IPJ893nic,editor
ZBS759txh,editor
XMZ305glo,chair
XKU403pff,chair
BMA839ylt,editor
ORW011ewj,editor
QQZ552aff,editor
UIQ417ayi,chair
FSK077xuk,chair
LDO364hph,editor
ZMV955cdb,editor
LIR577apk,chair
IUM757obg,chair
GOU262zez,editor
LCN489wew,chair
BLE367hjn,editor
OAW738xnj,editor
ASV646ifq,chair
KYK994nja,chair
OEP690gkf,editor
WSV231wbv,editor
UYZ240wom,chair
SFT718aoo,chair
GFJ184yzq,editor
DTQ303wvp,chair
LZJ067xfg,editor
ZCT258jqw,editor
SZL098jof,chair
HSA167sap,editor
UQO326dyg,editor
FAT921ssi,chair
SSR114rab,chair
YWM816xsk,editor
FZF136lmy,editor
SOY578uil,editor
QAX576hxc,editor
XBJ340isw,editor
KXA773pjj,editor
NPH929omq,chair
PFX302dwv,chair
QCX909rvf,chair
ITT735pcc,chair
VQV842bzt,editor
JOQ622wjm,chair
ENP247lbk,editor
ITG171ftf,chair
WNL665pjg,chair
IWX962wic,chair
ZKW375ouk,chair
XLX080gel,editor
TAF404gbb,editor
ZYD644elm,editor
MAE051jot,chair
YLC552ueh,editor
YPI944vet,editor
UKB981wzr,chair
IXB032fjn,editor
MIR081aum,chair
EML549oey,chair
UJC251yra,editor
SZS641oqp,chair
DHS121zyw,editor
HGI794mzm,editor
AZS868fvw,chair
NRE752wrk,editor
XFT028lcb,editor
AIM250tdr,chair
QOB684fhy,editor
PPD314lzz,editor
PXM609pmv,chair
FTB736toa,editor
CYF272vex,editor
WRN678nmx,chair
VCO123usb,chair
MMS119vzs,editor
LXE047syk,chair
RKX273see,editor
VPU581cwt,chair
KRN538gek,chair
UDB115uxd,editor
RTW897hbz,chair
LPF208uwc,chair
TRW892srb,editor
VUH403wbi,editor
KXB232wpr,editor
LFD789epa,editor
YRM827tko,chair
SGQ157fpn,chair
GQL867nml,chair
KUQ709ldg,chair
AIN196zmu,chair
UKM914txg,editor
UWG006gll,chair
MTW871vhv,editor
GFI780uyq,chair
GPF594osb,editor
UZN655afz,editor
NRX319jdf,editor
TFC332qmz,chair
OAJ661dbc,editor
CMX854ncg,chair
ATY512deo,chair
YUD792sqw,chair
EWC975ndg,chair
PWV423qli,editor
CAG394yoe,editor
IQP070qju,editor
JMD481jpd,editor
RBH787mpd,chair
KDZ300nbw,chair
FJW924zya,chair
SZI128taw,editor
QLH154vuo,editor
DUT443bta,chair
XNT221ylx,editor
VJP942hky,chair
YKG387mxz,editor
DYD215tzj,chair
UTU227hyy,editor
WPJ433skk,chair
ATY618lhl,editor
YDE559pcg,editor
QKD432qrt,chair
XSU562pwv,chair
KQF039tfc,editor
AKL040qyv,editor
VNQ322ynt,chair
DHS918suy,chair
FYX245hao,chair
QIO509bql,chair
LRZ121lhj,chair
QJW074qlk,chair
JRG345zhz,editor
PWN384afo,editor
EJK329dcv,chair
UAL439mbr,chair
QEC776yaj,editor
HJA051qke,editor
XOU351jzl,editor
BPU128pvn,editor
LMZ400hji,editor
EGC262rcc,chair
AMS515loj,editor
WEF914jph,editor
KOC491sgj,chair
LWO499xdj,chair
AAV645ifw,editor
WVQ231ont,editor
LAO871zhm,editor
GCK154hyk,editor
OSC398gxd,chair
CLL410tgo,chair
XEB229fvo,chair
XHW290kbs,chair
VMJ458swr,editor
DWP205mre,editor
FZC569oqb,editor
FIG770bkq,chair
MAV129aau,editor
RKD618frj,editor
NTB601vvx,editor
QOQ611sul,editor
ZOZ438use,editor
JEQ888mep,chair
VDC910ylr,editor
ALB181mdg,editor
YZT041ver,chair
YWD043mlv,editor
WAO594bhf,chair
WBN330vuv,chair
ESF403bou,chair
HQX665ecp,editor
LIR856key,chair
XKT817jqe,chair
RIO300kgy,editor
OKL851gih,editor
SBS827gif,chair
VMF062kaz,editor
UFX827uga,chair
RXM009vnn,chair
LQN229kzn,editor
SNZ842znx,editor
GAQ963mnb,editor
WYM525cgz,editor
EJG322axx,chair
PQI944dpt,chair
ZOP062nsz,chair
FRS157drg,editor
DBQ563jii,chair
AFU130vew,chair
ODF531ytg,chair
GUZ530aph,chair
YEG163nnr,chair
CDU482zlc,editor
FCD768pbk,editor
PUJ708mno,chair
WVQ968pii,editor
VRD152cmd,editor
FBW842rgb,chair
WQR230tru,chair
DZZ516wzz,chair
MOZ564yji,editor
YBV839bux,chair
PLH479xvy,chair
ERX350bkg,chair
FYV169irk,editor
MMO788wei,editor
NRI947vzf,chair
IKB585bbf,editor
GFG298myr,chair
RGG883vau,editor
JMF516qkb,chair
FFY831eht,editor
LAP005uyn,editor
FFR617vwg,chair
JIV431phd,editor
MDW854kub,chair
KBC200tbw,chair
QYQ498vuf,chair
QXF822hko,editor
MAZ451mwu,editor
BSJ299bxg,chair
LUE039vyi,editor
CDL729gtb,editor
ZPB162pay,chair
NFS616ekz,chair
RTR788dab,chair
OVZ242rwf,editor
MAP740osh,chair
OUO903emm,chair
TKF224pmi,editor
NDZ077rcd,chair
ZSL763phc,chair
OCU021jlh,editor
NIJ583pvh,chair
EVR548qit,chair
EDT133iwp,chair
ZFL263wzy,editor
HRQ008ylz,editor
TUG077smz,chair
SAU423mwc,editor
ENE648pkd,chair
IBD479gbk,chair
EBQ507wby,editor
DWJ813mch,editor
HKK748ger,chair
XIH777xee,chair
NKY830irn,chair
URN536iyl,chair
JPH590cxx,chair
ORK543iuj,chair
YSL766bwq,editor
EKC086utr,editor
LRJ812hlw,editor
DXS998daf,chair
AAH556jqu,editor
VBJ938uoy,chair
FIS610tvp,chair
TQU039uyc,editor
XSR160vza,chair
KDR134leb,chair
YVC548xxh,editor
DVC999pyd,chair
DJI967kco,editor
ETZ739cdj,editor
VHG049mwh,editor
EQI530gzz,chair
NHA351cdv,chair
SMT096aul,editor
VRK754prm,chair
ACM545npc,editor
MCD116txl,editor
AXP597cmp,editor
IDS210wpa,editor
QNE939agi,chair
VUM817hgm,editor
XXI073gte,editor
OZK919fzg,editor
LRG202trq,chair
WED999uqy,editor
GGG852bzd,chair
QSB330psz,editor
OOE621thd,chair
YQE220uww,chair
MMN256ppq,chair
SKE336ekk,chair
MZS426qyd,chair
MMV556zhh,editor
CFB016skw,chair
JVF750hzn,chair
YIJ859xhr,chair
BLS566fzt,chair
OAL674qba,editor
EMV936wav,chair
JEB441hem,editor
SLA099kbb,editor
MBM857gzw,chair
TLA065klz,chair
AKQ298mgs,editor
XOA327ifc,editor
KXQ629rld,editor
UKZ479eca,editor
SUN677tnw,editor
KAE637bmj,chair
BCI993plf,editor
GGR854dox,editor
DZI084gsx,chair
HME141bgt,chair
ZWS726ytg,editor
WAU439wtu,editor
JTM310mby,editor
VJA016nnf,editor
ABK020hav,editor
DWX349tyd,editor
ZRG487jqm,editor
UOK102hfm,editor
VQU209ceq,editor
FWK015lbk,chair
KYN376klu,chair
YKT338cii,chair
XTL385big,chair
DME245oct,editor
XLY755qvb,editor
ULH052eql,chair
AUB098byf,chair
XIH728euc,chair
ARJ088bol,chair
WVZ621vcp,chair
GWG131htg,editor
RHQ716ocz,editor
XWR702byp,chair
WXK135rsn,chair
FMH546jwb,chair
HFG379fsd,editor
BMI001hiy,editor
VJF834tpi,editor
FNW492eye,chair
MBX448uzs,chair
QWO180twe,editor
JZI256rcb,editor
UAZ090gps,chair
BCJ103qhg,editor
GMF928wld,chair
LGN234glx,editor
FIQ584olw,editor
VBS095ibg,chair
ZEY216jlx,chair
SKO396cuh,chair
MWW399smt,chair
BEM461iru,chair
ENA052shw,editor
YHY832qga,chair
PMF615rht,chair
UEQ759pcf,chair
LMQ509suq,chair
WMQ158qnk,chair
TGC146ebs,editor
VSW785fgo,chair
KHS429hih,editor
MKW755nvy,chair
BMM602rhm,editor
GRW936hpu,editor
ULF027bgs,editor
MZZ743vlk,chair
VVK451twd,chair
SRU601tmd,chair
MDB754mgv,chair
SHX598gyx,chair
LQH038njd,chair
XHJ725chv,editor
MUN432pvy,editor
XDI181hqh,editor
JKN522ndg,chair
FVS671zrs,editor
SOG550tbz,chair
MYQ192abs,chair
AXK902fib,editor
HRR752kmj,editor
LKH071nxc,editor
FQG841qve,chair
GPL938qkp,chair
OPB829zwi,chair
YMQ867ksw,editor
QFQ673sos,chair
FUG116gku,chair
ULY972lfo,editor
FRX585njx,chair
BVY715wya,chair
KXS350sdv,editor
AUS414qjt,editor
FIJ255irw,editor
QZN309xsf,editor
PKV114hee,editor
WFH004jha,chair
KPQ448pjm,editor
RSP351fya,editor
IIR238ves,editor
OLY167vrm,editor
ZGC193zji,chair
BVY359xhx,chair
MDV282qxp,editor
LBM414eyg,chair
ZOU641msj,chair
IAB234cbm,chair
EVM838lwp,chair
QVU143vtt,chair
TOW660ldw,chair
QTR151pri,editor
WEX356hcr,editor
MJQ964cul,editor
HOK592ssx,editor
DUP757lbo,chair
MRW240alp,editor
VYN391dit,editor
YVL977ebi,chair
QJW256srl,chair
OJB048dve,chair
BYU285oim,chair
LJM709rnn,chair
HAP949dro,editor
ZLE557vju,editor
OSS426www,chair
RKT458tit,editor
RKH108gkh,editor
GQP576qwl,chair
IBC904qio,chair
TPV419rdc,chair
VHU744jke,chair
BCY539xis,editor
RJL918ikz,editor
WRS009gsn,editor
GGU288pyx,editor
HHA545xda,editor
PCA644whs,chair
FNF296qas,chair
MAI649yvr,editor
CKZ391zmv,editor
CVG658qgh,editor
LGI938vlp,editor
XCR800tmk,chair
EKE981jdb,chair
WTD718hyr,chair
FRD380sqf,chair
YBB114tht,editor
EFN827olg,chair
AIP653iqp,editor
JBJ419fcc,chair
BQY483nrf,editor
SBC376kzi,editor
NUW668ble,chair
YOY059ida,editor
HWH959xnj,editor
KFP915unz,editor
FIT997pnf,editor
TPP680jtf,editor
XVT571nlt,chair
LMC437zrg,chair
GZQ132ohf,editor
XXQ628ezr,chair
NNV335fgv,editor
FYJ740jgi,chair
VYF320crq,editor
HEW367big,editor
IIU986cov,chair
ZKG554tzs,editor
EDK743uhz,editor
UUW983zkv,chair
QHK891sbf,chair
DHX865ijl,editor
RPC969ktu,editor
ACI179rcp,chair
RNV171ung,chair
ZGT806jki,editor
NUB442vdm,editor
YEZ040szd,editor
OVL263vws,editor
EQT178xqv,editor
ZAS580uiv,editor
VWE441nzy,chair
ABO076xin,chair
KTN538rxl,editor
FCU230eql,chair
RRU211xxs,editor
WGI451zon,chair
WGR226eas,chair
SLW925isa,chair
BFH513who,chair
QAI281trx,chair
BOD519edn,chair
ZIE867vzt,editor
PJE288vbb,chair
SDD666qma,chair
DYG495nwg,chair
JVZ897ddr,editor
ZAE565fui,editor
KFM647raf,chair
DMK574ldp,chair
SYX132tfk,chair
LRI026dqi,chair
FPN470zhe,editor
DUA317axq,chair
EDJ114opa,chair
XYO339tzo,chair
PFI853eum,chair
BOI764xyn,editor
ONV469obp,chair
WKR283hjh,chair
IAT394jjq,editor
HMT261fsq,chair
ZHP030vwd,editor
LJG645ijj,chair
TGH488wbi,chair
UHT881gqz,chair
TVG488hbh,chair
EEL903lqv,editor
DKZ491zlx,chair
USQ432jwo,editor
UYF787ltk,editor
ITL300jyn,chair
FSP863jgl,editor
ANC386zpt,editor
TBU623pfp,chair
BZH414ypg,chair
JUC622jet,editor
KTA077hnl,chair
FVK919baw,editor
KXJ424juz,editor
RGS662dhz,chair
ASP245ldx,chair
TPY209urb,chair
ROP213ghs,chair
FEQ857fdl,editor
INS415nrz,editor
XLZ791pyt,editor
YPB821boe,editor
HYX986dpn,chair
TRY603ufe,chair
MHB332mvc,chair
AOD608cph,chair
LWR037zrq,editor
EOZ096qoh,chair
PSX500emc,chair
KCQ398zeh,editor
EMC084dgp,chair
DZM998gcv,editor
WTG973iht,editor
KGQ392rku,editor
ZHS958xix,editor
RIV287kcr,chair
BLE885rnv,editor
ZPJ443ijh,editor
ZST686zrc,chair
HAC629efw,chair
UTN724ipn,editor
IJQ146qqg,editor
ZUO534dnd,editor
MOI482row,editor
LXV758zja,editor
RDX360dnh,chair
NKP895obq,chair
WMS640hta,editor
YXB558bva,chair
NGS671sya,chair
NYE055jly,editor
QZR910dve,editor
KZU876xct,editor
NSN777inl,editor
DIP104thk,chair
NWW838puk,chair
LGZ888kga,chair
IND032ivt,editor
GGT223dvx,chair
GDT258tjs,editor
LHG509kdz,editor
IHQ204bse,chair
LMQ249lvb,editor
TVI379okz,chair
RAL459syj,editor
RQZ857dbt,editor
SHU547doi,chair
IXX257asg,editor
EJC387dra,chair
FAH281gzy,editor
ABM829ezy,editor
WQE747aih,editor
GRC052nrq,editor
ZEC548mfg,editor
TBT774yjz,chair
GGA657gxk,editor
PFS854sof,chair
YEJ170tjf,editor
XNL070fji,editor
PHY327bsp,editor
KTC409tsw,chair
FQW116isb,editor
ZRI485vmo,chair
SYT573dgv,chair
GOS008wks,chair
BMC994nfq,chair
IED096vub,editor
OUT996trn,chair
ROZ503crv,chair
RBA162udr,chair
ADM035rcv,chair
YCI243yjf,chair
PHV496fkq,chair
RDS585ace,editor
UOJ746yqu,editor
UIO535chp,chair
AKY245wne,editor
MEQ849xjq,editor
ZUY978gyy,editor
OBJ611kkc,chair
SCJ661rwm,chair
XGV237udb,chair
GQS603fyq,editor
EDR289xds,editor
RCU659kio,editor
KZG755qtx,chair
SCD026osb,editor
ZWF976dyn,editor
TXQ696deu,chair
RLM310kfr,chair
MST678zdn,editor
BYN160lqw,editor
QVZ288myc,chair
TTT101fpd,editor
KJV828uoj,chair
BMZ938rgf,editor
XAJ437opz,editor
NSE924cwf,chair
NIW898lep,editor
TWO565fsg,chair
YVW439efn,chair
TPW731akw,editor
YUJ358ign,chair
EKX634oez,editor
VBX842hfz,editor
WJD016env,editor
GGK967gan,editor
HWU145jsx,editor
MTS054zlq,editor
ODY664vfz,chair
ECL503rts,chair
LUO812sww,editor
YTJ014hfs,editor
QVQ175ksn,chair
ZOQ331ylw,chair
GUJ370uzl,editor
HAE699azw,editor
DCX018tpz,chair
CLO860rbq,editor
UST540abg,chair
XYO712uab,chair
DYT628ksg,editor
QBL990kps,editor
AIK456iwz,chair
KYY721cux,editor
YUH199tya,chair
DFR656geo,chair
UDX884ujp,editor
NUW473tgp,chair
UVA522qfr,editor
AIS997ylm,editor
VAS035dzw,editor
SDF046fpj,chair
YHQ044ajj,editor
DGQ228mdm,chair
HHN466ttv,editor
OBV816hhl,editor
BER273gvc,editor
TEK366alp,editor
TOX092qhx,chair
TAH047ffo,chair
DFW332ewk,chair
KYM524vgj,chair
BZZ879eoy,chair
WAX410gnx,chair
BZP843xas,editor
TPZ093gek,editor
TLZ126ubq,chair
ARR915juv,chair
NDR285sqh,chair
XHY721lps,chair
ZDU629qjb,chair
HSH939xkf,editor
TPZ340xdb,editor
DFG939gzk,chair
WQQ492jvo,editor
XFQ227jbp,chair
KRW069sui,editor
ZIX685dem,editor
SXC511hir,editor
QHF119hqn,chair
RBJ354ykz,editor
NGD709xup,editor
TUU086moc,chair
YSA594ope,chair
AGM501tic,chair
PMM391qoh,chair
DLC943ijg,chair
FKI735rmv,chair
ZAU246wsz,editor
YMV981msp,editor
SQK053ubj,editor
FCV494dug,chair
MKM421kvd,chair
SVR243zqe,chair
BAP671hfw,chair
CRR976oug,editor
BZZ620nyd,editor
QRE865bqt,chair
YJK276uwh,chair
KPA732ift,editor
HWT168orr,chair
SGA735qlp,chair
KRG298thj,editor
BDX374mye,editor
ABC715jrb,editor
LAK317qzg,editor
WGU818ern,chair
NIO320yqo,editor
YTT630vrq,chair
MEH816vts,chair
KTE917ycb,editor
UET832cjh,editor
SHU574bzq,chair
CAW607ajv,chair
GJT875egl,editor
ABS214avi,editor
TPT151frp,editor
SMY647ebh,chair
EOC948rob,editor
XMC638rzm,editor
MYL489hzv,editor
SGC657poz,editor
CRC961tsx,chair
OFX172eeu,editor
HMW771zcv,chair
BHB024gjx,editor
YFW659pdg,editor
EYB514dsa,chair
ZJA102qpo,editor
KYS514aux,chair
GNK491rvc,chair
CWQ379qvi,editor
VYP123mrt,chair
PJS485qjp,editor
YFX836zri,chair
IBG393yed,editor
HRH776bxm,chair
BLK910gbw,editor
PRG445ihi,editor
OPH983nuo,editor
DZB608wri,editor
VOZ199igb,chair
UPJ946pas,editor
SXI804lfe,editor
RJK992yru,editor
BCQ075rry,chair
MNG323zuc,chair
PXC884dfp,chair
PNM173okm,chair
KIX892wvv,chair
FMP142axq,editor
UPM383kpd,editor
UBS320wih,chair
ROF643ozn,chair
LFX083mna,chair
WVA170rvd,editor
FNT706lzd,editor
BRL483eic,chair
GVO509ixa,chair
IHD274lkh,editor
DQS059sir,chair
IZD782lmu,chair
PUH095iis,chair
CXN513plz,editor
CTM842rwb,editor
ZLV165ter,chair
RKC788amt,editor
JNI634pcv,chair
JIX514vrj,editor
NTG533hgo,editor
GUL080yqe,chair
GVI633fuz,editor
DED603llf,chair
KIZ452enz,chair
ZOM959yrk,chair
PJJ990pci,editor
MMP214cvs,chair
KNL142euy,chair
JLH139lva,editor
DEZ042tsp,chair
NUX372iko,chair
WYK173ygu,editor
KSO211dqn,editor
ZHH562kjm,chair
QYW155wbm,chair
MHC410ijk,chair
AVY809kqd,editor
WEZ842rgz,chair
GFW585ass,editor
ZGM664xig,editor
KLM145zjx,chair
TBW098zjv,chair
OHL124mur,chair
MFJ076geu,chair
OVP071qkk,editor
VCK146wci,editor
EUX800wfj,chair
RYM380zia,chair
KIN295kjl,editor
BJO386wae,chair
TDA376jzr,chair
RPN875kpp,editor
ANG246rby,editor
CVY689wgx,editor
TNQ546aqd,chair
GKV885lcs,editor
WJM503unr,chair
GFS818bfo,editor
BWX332ewq,editor
KTI787vhm,chair
RTY671wdr,editor
VFH035tbz,editor
CYQ609ifo,editor
QKX757vzp,editor
KYH303mnz,editor
CFF139zbf,chair
OQC411jbz,editor
KXV679fzu,editor
KRL382hjp,editor
AOW250xny,chair
GNU921ryj,editor
FHG210fzo,editor
EHG141dwr,chair
QVZ560nqa,editor
GNW477xei,chair
CRH336xxx,chair
MNP835yvo,editor
CDE880heo,editor
AOB342ahc,chair
BFQ538qfa,chair
YTV231dpi,editor
NYM131dlc,editor
ELO110gwx,editor
ZOT066hii,editor
NQY663iyx,editor
QJJ444pdq,editor
ZOC320icz,chair
YZI585dzy,chair
EXF941umx,chair
JKW511yei,editor
GVC456ljq,editor
LOE144llj,chair
SLH592iyg,editor
KKL978pxw,editor
JQX377ykk,chair
CYE880jug,chair
NDZ391zbt,editor
GYI629rcl,chair
WJC148ypj,chair
PQE541vip,chair
LZE840ynm,chair
WLG131bri,chair
AUD039tro,chair
BKH914ozk,editor
HNE687qhp,editor
ZMY547ahx,chair
OLS523ygv,editor
LGK856spt,editor
LDV706dae,editor
AIO363epg,editor
YRT612hen,editor
HSZ630ptz,editor
UGY271hpi,chair
CXX918gxe,editor
FQV004fto,editor
FAN934ddb,chair
WXE442vav,chair
UHO459yqx,editor
XOR423uby,editor
UYJ713mqf,editor
MLI193fsc,editor
MXI396ndk,chair
DUE371urf,editor
VNK139ycb,chair
PCY548enu,editor
TMM749bdu,editor
NPO904urp,editor
BFM116usf,chair
ZDZ973gme,editor
HFA889uey,editor
FWD662vkw,editor
SNY904mob,editor
WNW199crb,chair
JEW384wgx,editor
PPZ025xks,editor
FKI743kal,chair
VTU389eks,chair
LMZ187acv,editor
LQR275nsp,editor
DCH960eri,editor
BWS245opl,editor
MUL692bug,editor
ZZZ093yca,editor
QGF930lkf,editor
WQR118qkc,editor
KEW473adg,chair
QUS653wym,editor
OZF067hfy,chair
GKP928fnz,chair
SCC192ebp,editor
LHQ525klu,editor
NSV818dnd,chair
DOZ476gay,editor
YBG064cjb,chair
APE541vxg,editor
WUL299uzb,editor
ZZQ833azb,chair
PNS752rkd,chair
PWO428juj,editor
LBX231aeo,chair
ZVC029dtu,editor
IPL559ghc,chair
JUN463mer,chair
UFI606kpl,chair
SFD246dcz,chair
GJK659iem,editor
XXA200zjv,chair
NPD547qlo,editor
FER407bni,chair
BVD398ukl,editor
MIO896nxi,chair
MWN635muz,editor
JZK341rro,editor
FTJ554iyb,chair
JPU889zwy,chair
XPR832vzc,editor
VTH341hgw,editor
GUA388pnd,editor
ZJB289npj,editor
WNB033aru,editor
YCK460ghq,chair
DVP370lmy,chair
XJG695jph,editor
JNH207ltz,editor
OUK640loo,editor
SQI332fgp,chair
LEM761jck,editor
ECK410esh,chair
ACD834cor,chair
HHC618vub,editor
GDG442xte,chair
ZKU357ubo,chair
OFC300eyi,editor
SBJ751plu,editor
HNR540gyv,chair
DZJ041sdm,editor
NQE487rzm,chair
LYZ274mug,chair
SCE788oyt,editor
RZC528uit,chair
KCX392ffk,chair
JJW108kjy,editor
YQS262rtl,chair
UNU665his,chair
BWJ570kfn,chair
HXJ317mtn,editor
WEG353ivi,editor
GCM707dsn,editor
UFU484zjj,chair
SHB478hxa,chair
FDT586nrd,editor
GNI497bbn,editor
BAY661bvg,editor
QTF771dyt,chair
MIJ998ltz,chair
EMO762zfh,editor
IFO722mca,chair
PTD967qyv,chair
GPL584ahn,chair
JQO579oym,editor
SNM850jgt,editor
KQQ350ima,chair
IDQ245mja,chair
TNR290vkh,chair
YCY861whj,editor
TSY092ory,chair
RJM781ipk,editor
RHU136fcb,chair
ULI978pcw,chair
CIS247sha,chair
YLD637vyd,chair
HVR264nmi,editor
JCE150qwc,chair
GPD755rzq,chair
OIB225psg,chair
FTL938hbe,editor
UAI302dnc,editor
RRU073bnk,chair
XRC241tuk,chair
JHD145nzr,chair
SNM516tkw,chair
AWV776aqf,editor
PHS524lje,chair
JZI137ifh,editor
IOQ558raz,chair
SPK394sgf,chair
JOH796ebf,chair
ULR386dxs,chair
MGB749nkj,editor
LTK254skp,editor
ZRS193xcz,editor
VUJ348wuu,chair
TEE816ljr,editor
VFN184cgn,chair
ZBM094fwb,editor
GSB725pam,editor
YOU983kns,editor
TZQ618sah,editor
CNH809hoz,chair
EDV198gnw,chair
ZIW791ugg,editor
"NAZ155ooq",chair
FQD423kvg,chair
DQS456pzp,editor
RCC214wlr,editor
DIH141jqe,editor
ZFE125xwl,editor
QAG178nbi,chair
FGI726wfa,editor
NMO675qzt,editor
JYZ818tsc,editor
SFI708dio,editor
WHU943gdu,editor
NPU805fpm,editor
LTP708aca,chair
IDG243itk,chair
SQF748lwy,editor
AVZ512sap,editor
PEC199csh,chair
AVI344chu,chair
VBZ914zxo,editor
DRI434rle,chair
VSM090hjz,chair
WBC680qnf,editor
OBP928uiv,chair
JPA973uod,chair
SKP040ojp,chair
XSC491qio,chair
XKE309lse,chair
MGT686uxl,chair
WKG991mxi,chair
IOL271yhk,editor
XDZ723ymk,editor
RHU000avl,editor
CZS095pwx,chair
TFZ984rvf,chair
NZL259qwk,editor
RRA939ghv,chair
MQA363shq,editor
BAT860tkb,editor
MLV883git,editor
ILY199qfb,chair
VVW143hxm,editor
BRN271oxz,editor
OHC503ocy,editor
LHU913ddr,editor
QKE018cny,chair
FRZ320rtd,chair
PGF059mwy,chair
PWA968gnm,editor
ONI286sdr,editor
EAB629gxj,chair
QJQ163wjt,chair
TXT678ebd,chair
ZSJ518uyp,chair
EOR243gwh,editor
FPF539vak,chair
HBQ378pfm,editor
NGV002dht,chair
UZL575qgf,editor
ICT711avf,chair
VLX699lrl,editor
NTV499wdj,editor
FNP280bks,chair
DDI364cth,editor
EXO941yem,chair
UZS524zrm,chair
UUV698rfr,chair
QDF473uqu,chair
TVB449viq,chair
ZPZ929gce,chair
HEU749skn,chair
ZDS531ptm,chair
QKE825cbp,chair
HGT000lxs,chair
GXA406kte,chair
QRZ305cxv,chair
SWZ540eeb,chair
SDJ205lnt,chair
YEX995cig,chair
LMI499xkv,chair
IWW382zzc,chair
ZZU564oqh,chair
YOR123enr,chair
ICV784xpj,chair
BEI698joh,chair
QTJ588bri,chair
WTM681qzm,chair
DKZ390dun,chair
KIM446efj,chair
WWU852pat,chair
NTE308chp,chair
YJO859qhi,chair
WCK486mvr,chair
BAJ056vdw,chair
PNP974hsp,chair
XOB952sxq,chair
MPS413yxz,chair
